<?xml version="1.0" encoding="utf-8"?>
<COLLADA xmlns="http://www.collada.org/2005/11/COLLADASchema" version="1.4.1">
  <asset>
    <contributor>
      <author>Blender User</author>
      <authoring_tool>Blender 2.71.0 commit date:2014-06-25, commit time:18:36, hash:9337574</authoring_tool>
    </contributor>
    <created>2016-02-25T01:06:38</created>
    <modified>2016-02-25T01:06:38</modified>
    <unit name="meter" meter="1"/>
    <up_axis>Z_UP</up_axis>
  </asset>
  <library_images/>
  <library_effects>
    <effect id="Wood-effect">
      <profile_COMMON>
        <technique sid="common">
          <phong>
            <emission>
              <color sid="emission">0 0 0 1</color>
            </emission>
            <ambient>
              <color sid="ambient">0 0 0 1</color>
            </ambient>
            <diffuse>
              <color sid="diffuse">0.4868963 0.03723823 0.01517554 1</color>
            </diffuse>
            <specular>
              <color sid="specular">1 1 1 1</color>
            </specular>
            <shininess>
              <float sid="shininess">311</float>
            </shininess>
            <transparency>
              <float sid="transparency">1</float>
            </transparency>
            <index_of_refraction>
              <float sid="index_of_refraction">1</float>
            </index_of_refraction>
          </phong>
        </technique>
      </profile_COMMON>
    </effect>
    <effect id="Metal-effect">
      <profile_COMMON>
        <technique sid="common">
          <phong>
            <emission>
              <color sid="emission">0 0 0 1</color>
            </emission>
            <ambient>
              <color sid="ambient">0 0 0 1</color>
            </ambient>
            <diffuse>
              <color sid="diffuse">0.0961523 0.098968 0.05641135 1</color>
            </diffuse>
            <specular>
              <color sid="specular">0.5 0.5 0.5 1</color>
            </specular>
            <shininess>
              <float sid="shininess">50</float>
            </shininess>
            <index_of_refraction>
              <float sid="index_of_refraction">1</float>
            </index_of_refraction>
          </phong>
        </technique>
      </profile_COMMON>
    </effect>
  </library_effects>
  <library_materials>
    <material id="Wood-material" name="Wood">
      <instance_effect url="#Wood-effect"/>
    </material>
    <material id="Metal-material" name="Metal">
      <instance_effect url="#Metal-effect"/>
    </material>
  </library_materials>
  <library_geometries>
    <geometry id="Cube_002-mesh" name="Cube.002">
      <mesh>
        <source id="Cube_002-mesh-positions">
          <float_array id="Cube_002-mesh-positions-array" count="3000">-0.2890973 -1.077785 1.743575 -0.1908559 -1.077785 1.56321 1.683381 -0.02109658 1.78603 -0.8422387 -1.077785 1.970273 -1.086174 -1.077785 2.92534 -1.223542 -1.077785 3.523329 -1.586582 -1.077785 4.200518 -0.1923804 -0.02109658 1.564382 1.683381 -1.077785 1.78603 -0.8428257 -0.02109658 1.96909 -1.086174 -0.02109664 2.92534 -1.23217 -0.02109658 3.525969 -1.586581 -0.02109658 4.200519 -0.2891479 -0.02109658 1.738157 1.711215 -1.194119 1.889356 1.68029 -1.194119 2.134594 1.711215 -1.077785 1.889356 1.68029 -1.077785 2.134594 1.712827 -0.02069985 1.887177 1.68029 -0.02109658 2.134594 -1.354256 -1.077785 4.533949 -1.536532 -1.077785 4.331783 -1.078415 -1.077785 3.535813 -1.09036 -1.077785 3.582415 -0.9248407 -1.077785 2.926867 -0.190582 -1.133009 1.563599 1.683381 -1.133009 1.78603 -0.8421331 -1.133009 1.970485 -1.086174 -1.133009 2.92534 -1.23217 -1.133009 3.525969 -1.586582 -1.133009 4.200518 1.711215 -1.133009 1.889356 1.68029 -1.133009 2.134594 -0.6658089 -1.195712 2.992842 -0.9473448 -1.194102 3.024451 -1.050053 -1.194119 4.140244 -0.9710903 -1.077785 2.394725 -0.9710901 -0.02109664 2.394725 -0.265986 -1.077785 1.977829 -0.3162987 -1.077785 1.996996 -0.9710903 -1.133009 2.394725 -1.54041 -1.194102 4.326783 0.2544601 -1.077785 1.616532 0.2544601 -0.02109658 1.616532 0.2544601 -1.133009 1.616532 0.6008649 -0.02109658 1.628775 0.6008649 -1.133009 1.628775 0.6008649 -1.077785 1.628775 1.041032 -0.02109658 1.687482 1.041032 -1.133009 1.687482 1.041032 -1.077785 1.687482 -0.6801481 -1.194119 3.092938 -1.009966 -1.194119 4.067598 -1.451459 -1.194119 4.595975 -1.905015 -1.194119 4.754795 -0.8144896 -1.194119 3.603461 -0.8399584 -1.194119 3.67174 -0.6694195 -1.077785 2.991662 -0.6801481 -1.077785 3.092938 -1.009966 -1.077785 4.067598 -1.050053 -1.077785 4.140244 -1.455764 -1.077785 4.591789 -1.905015 -1.077785 4.754795 -0.8144896 -1.077785 3.603461 -0.8399584 -1.077785 3.67174 -0.8144894 -0.02109658 3.603461 -0.8399582 -0.02109658 3.67174 -0.6694193 -0.02109664 2.991662 -0.6801477 -0.02109658 3.092938 -1.009965 -0.02109658 4.067599 -1.050052 -0.02109658 4.140244 -1.35235 -0.02109658 4.536412 -1.455763 -0.02109658 4.591789 -1.905015 -0.02109658 4.754796 -0.6801481 -1.133009 3.092938 -0.6693289 -1.133009 2.991692 -1.050053 -1.133009 4.140244 -1.009966 -1.133009 4.067598 -1.455764 -1.133009 4.591789 -1.354691 -1.133009 4.536076 -1.905015 -1.133009 4.754795 -0.8399584 -1.133009 3.67174 -0.8144896 -1.133009 3.603461 -0.5672104 -1.194119 2.450674 -0.5667389 -1.194119 2.507371 -0.5672097 -1.077785 2.450675 -0.5667138 -1.077785 2.50738 -0.5667136 -0.02109664 2.50738 -0.5672097 -0.02109658 2.450675 -0.5680301 -1.133009 2.506926 -0.5657492 -1.133009 2.451049 -1.224309 -1.191226 3.944955 -1.258123 -1.191226 4.012919 -1.078415 -0.02109658 3.535813 -1.078415 -1.191226 3.535813 -1.089432 -1.191226 3.578794 -0.9473446 -0.02109658 3.024451 -1.490071 -1.133009 4.318503 -1.224309 -1.077785 3.944955 -1.258942 -1.077785 4.010812 -1.09036 -0.02109658 3.582415 -0.9248405 -0.02109664 2.926867 -1.224309 -0.02109658 3.944955 -1.256891 -0.02109658 4.009058 -1.536532 -0.02109658 4.331783 -0.9473448 -1.133009 3.024451 -1.489392 -1.194028 4.318907 -1.35662 -1.192677 4.533918 -1.261651 -1.133009 4.011036 -1.224309 -1.133009 3.944955 -1.54041 -1.133009 4.326783 -1.494038 -1.077785 4.318464 -1.089589 -1.133009 3.579407 -1.078415 -1.133009 3.535813 -0.8041802 -1.077785 2.349539 -0.8041802 -0.02109658 2.349539 -0.4796243 -1.077785 1.824881 -0.9473448 -1.077785 3.024451 -1.488175 -0.02109658 4.318112 -1.972634 -1.077785 4.482986 -1.881731 -0.02109658 4.301739 -0.480798 -0.02109658 1.822517 -0.8192377 -0.02109664 2.422444 -1.972634 -0.02109658 4.482986 -0.8192377 -1.077785 2.422444 -0.8192377 -0.02109664 2.422444 -0.2671309 -0.02109658 1.977829 -0.3162987 -0.02109658 1.996996 -0.9248407 -1.194102 2.926867 -1.974565 -1.194102 4.47791 -0.9248407 -1.133009 2.926867 -1.974565 -1.133009 4.47791 -1.864488 -0.02109658 4.436748 -0.8192377 -1.194107 2.422444 -0.8041802 -1.194108 2.349539 -0.8041802 -1.133009 2.349539 -0.8192377 -1.133009 2.422444 1.884684 -1.194045 1.906717 1.917358 -1.194083 2.1512 1.884684 -1.077785 1.906717 1.917358 -1.077785 2.1512 1.885161 -0.02109658 1.902768 1.917358 -0.02109658 2.1512 1.884684 -1.133009 1.906717 1.917358 -1.133009 2.1512 2.115137 -1.194045 1.99846 2.115137 -1.077785 1.99846 2.115137 -0.02109658 1.99846 2.115137 -1.133009 1.99846 1.947403 -1.194011 1.769308 2.169599 -1.194011 1.79586 1.947403 -1.077785 1.769308 2.169599 -1.077785 1.79586 1.947403 -0.02109658 1.769308 2.169599 -0.02109658 1.79586 1.947403 -1.133009 1.769308 2.169599 -1.133009 1.79586 -0.2871645 -1.194103 1.745024 -0.2686057 -1.194051 1.977829 -0.3162987 -1.194051 1.996996 -0.2676427 -1.133009 1.977829 -0.3162987 -1.133009 1.996996 -0.2873354 -1.133009 1.744707 0.1763231 -0.02109658 1.969502 0.2510487 -0.02109658 1.973125 0.1762759 -1.194113 1.970394 0.2510487 -1.194119 1.973125 0.1905171 -1.194117 1.72623 0.2670043 -1.194119 1.733473 0.2510487 -1.077785 1.973125 0.1763117 -1.077785 1.969719 0.1762506 -1.133009 1.970872 0.2510277 -1.133009 1.97347 0.2670043 -1.133009 1.733473 0.1905193 -1.133009 1.72623 0.673027 -1.194119 2.001983 0.7345705 -1.194119 2.009966 0.6730092 -1.133009 2.002217 0.7345407 -1.133009 2.010199 0.7345705 -0.02109658 2.009966 0.673027 -0.02109658 2.001983 0.7679193 -1.194119 1.776816 0.6930912 -1.194119 1.768017 0.7345705 -1.077785 2.009966 0.673027 -1.077785 2.001983 0.7679193 -1.133009 1.776816 0.6930912 -1.133009 1.768017 1.154106 -1.194119 2.066412 1.21314 -1.194119 2.074984 1.15409 -1.133009 2.066544 1.213123 -1.133009 2.075116 1.21314 -0.02109658 2.074984 1.154106 -0.02109658 2.066412 1.247911 -1.194119 1.834398 1.187649 -1.194119 1.830056 1.154106 -1.077785 2.066412 1.21314 -1.077785 2.074984 1.247911 -1.133009 1.834398 1.187649 -1.133009 1.830056 1.627189 -1.077785 2.126187 1.627189 -1.133009 2.126187 1.627189 -1.194119 2.126187 1.627189 -0.02109658 2.126187 1.658747 -1.133009 1.883903 1.658661 -1.194119 1.884562 -0.4802332 -1.194118 1.822042 -0.4805157 -1.133009 1.821591 0.1905605 -1.077785 1.726234 0.2670325 -1.077785 1.733476 0.2667973 -0.02109658 1.733453 0.190573 -0.02109658 1.726236 0.6930554 -1.077785 1.768483 0.7679713 -1.077785 1.77641 0.7679713 -0.02109658 1.77641 0.6929028 -0.02109658 1.770476 1.187598 -1.077785 1.830056 1.247948 -1.077785 1.83411 1.247975 -0.02109658 1.833906 1.186469 -0.02109658 1.830056 1.658296 -1.077785 1.887364 1.658635 -0.02109658 1.884761 -1.366447 -1.133009 3.898265 -1.366666 -1.077785 3.898209 1.805514 -1.077785 1.797733 1.805514 -0.02109658 1.797734 1.805514 -1.133009 1.797733 -0.7238586 -1.133009 2.078359 -0.5269518 -1.077785 2.255327 -0.5275171 -0.02109658 2.255327 -0.5270381 -1.133009 2.255327 -0.5297034 -1.194081 2.255327 -0.7238586 -1.194113 2.078359 -0.9618168 -1.077785 2.194112 -0.9618168 -1.133009 2.194112 -0.7238586 -1.077785 2.078359 -0.9618168 -0.02109658 2.194112 -0.7238586 -0.02109658 2.078359 -0.4477162 -1.077785 2.08849 -0.4477162 -1.194066 2.08849 -0.4477162 -0.02109658 2.08849 -0.4477162 -1.133009 2.08849 -1.376801 -0.02109658 3.895611 -0.5371938 -1.133009 1.700569 -0.5371938 -1.077785 1.700569 -0.5371938 -0.02109658 1.700569 -0.72997 -1.077785 1.009571 1.939077 -0.02109658 0.007871389 -1.28137 -1.077785 0.007871389 -0.72997 -0.02109658 1.009571 1.939077 -1.077785 0.007871389 -1.281965 -0.02109658 0.007871389 -0.72997 -1.133009 1.009571 1.939077 -1.133009 0.007871389 -1.281262 -1.133009 0.007871389 0.3302188 -1.077785 1.475 0.3302188 -0.02109658 1.475 0.3302188 -1.133009 1.475 0.6831048 -0.02109658 1.436384 0.6831048 -1.133009 1.436384 0.6831048 -1.077785 1.436384 1.732898 -0.02109658 0.007871389 1.732898 -1.133009 0.007871389 1.732898 -1.077785 0.007871389 -1.427936 -1.077785 0.007871389 -1.427936 -1.133009 0.007871389 -1.427936 -0.02109658 0.007871389 -0.1765649 -1.077785 1.380215 -0.1765649 -1.133009 1.380215 -0.1765649 -0.02109658 1.380215 1.387738 -0.02109658 0.8209963 1.387738 -1.077785 0.8209964 1.387738 -1.133009 0.8209963 -1.877486 -1.077785 4.299458 -1.862484 -1.133009 4.438895 -1.881271 -1.133009 4.301873 -1.854732 -1.077785 4.442108 1.013659 -1.133009 1.209706 1.013659 -1.077785 1.209706 1.013659 -0.02109658 1.209706 -0.9902368 -1.133009 1.411111 -1.1945 -1.133009 0.4802368 -1.084825 -1.133009 0.3789475 -0.9902368 -0.02109658 1.411111 -1.084825 -0.02109658 0.3789475 -1.1945 -0.02109658 0.4802368 -0.9902368 -1.077785 1.411111 -1.084825 -1.077785 0.3789475 -1.1945 -1.077785 0.4802368 -1.043595 -1.133009 1.039545 -1.043595 -1.133009 1.039545 -1.043595 -1.077785 1.039545 -1.043594 -0.02109658 1.039545 -1.043594 -0.02109658 1.039545 1.010746 -1.133009 1.211914 1.653698 -1.133009 0.7916066 1.616052 -1.133009 0.3730546 1.653698 -1.077785 0.7916067 1.616052 -1.077785 0.3730549 1.653698 -0.02109658 0.7916065 1.616052 -0.02109658 0.3730546 1.942023 -1.077785 1.782883 1.941392 -0.02109658 1.784171 1.943015 -1.133009 1.78038 1.840825 -1.077785 1.744373 1.840825 -0.02109658 1.744373 1.840825 -1.133009 1.744373 1.470115 -1.077785 1.478706 1.469994 -1.133009 1.478706 1.468968 -0.02109658 1.478706 0.1798943 -1.133009 1.467121 0.1798943 -1.077785 1.46849 0.1798943 -0.02109658 1.464336 1.49336 -1.133009 1.32155 1.49336 -1.077785 1.32155 1.49336 -0.02109658 1.32155 1.500944 -1.133009 1.637671 1.500944 -1.077785 1.637671 1.500944 -0.02109658 1.637671 -0.6136251 -1.133009 1.295936 -0.8904636 -1.133009 0.9924504 -0.8457527 -1.133009 1.413696 -0.6136251 -0.02109658 1.295936 -0.6136251 -1.077785 1.295936 -0.8457527 -0.02109658 1.413696 -0.8457527 -1.077785 1.413696 -0.8904636 -0.02109658 0.9924504 -0.8904636 -1.077785 0.9918001 1.150663 -1.133009 1.308789 1.451256 -1.133009 1.752398 1.349789 -1.133009 1.50279 1.270353 -1.133009 1.182496 0.9700389 -1.133009 1.453886 1.150663 -0.02109658 1.308789 1.272589 -0.02109658 1.18026 1.451256 -0.02109658 1.752398 0.9700389 -0.02109658 1.453886 1.349789 -0.02109658 1.50279 1.272589 -1.077485 1.18026 1.150663 -1.077785 1.308789 0.9700389 -1.077785 1.453886 1.349789 -1.077785 1.50279 1.451256 -1.077785 1.752398 1.358519 -1.133009 1.351047 1.358519 -1.07847 1.351047 1.358519 -0.02109658 1.351047 0.805994 -1.133009 1.542535 0.809463 -1.077785 1.542515 0.8063834 -0.02109658 1.541982 1.373401 -1.133009 1.639192 1.373401 -1.077785 1.639192 1.373401 -0.02109658 1.639192 1.210015 -1.133009 1.721565 1.210015 -1.077785 1.721565 1.210015 -0.02109658 1.721565 0.8077517 -1.133009 1.545385 0.7556112 -1.133009 1.609183 0.7556112 -1.077785 1.609183 0.7556112 -0.02109658 1.609183 0.8263007 -1.133009 1.670884 0.8354913 -1.077785 1.674608 0.8285332 -0.02109658 1.672812 1.323259 -0.02109658 1.701236 1.323259 -1.133009 1.701236 1.323259 -1.077785 1.701236 1.397208 -1.133009 1.210887 1.506278 -1.133009 1.051884 1.397208 -1.077914 1.210887 1.506278 -1.077785 1.051884 1.506278 -0.02109658 1.051884 1.397208 -0.02109658 1.210887 1.365829 -1.133009 1.156832 1.360877 -1.077721 1.1552 1.365223 -0.02109658 1.156632 1.152022 -1.133009 1.078395 1.152022 -1.077785 1.078395 1.152022 -0.02109658 1.078395 -0.8365331 -1.133009 1.178423 -0.8365331 -1.077785 1.178423 -0.8365331 -0.02109658 1.178423 -0.8220058 -1.133009 1.718217 -0.9650478 -1.133009 1.807563 -0.2652252 -1.077785 1.482415 -0.9689798 -1.077785 1.799366 -0.8258691 -1.077785 1.718217 -0.3414495 -1.077785 1.607614 -0.7071459 -1.133009 1.810183 -0.7071459 -1.077785 1.810183 -0.7071459 -0.02109658 1.810183 -0.9664304 -0.02109658 1.785804 -0.3424733 -1.133009 1.608263 -0.8248758 -0.02109658 1.718217 -0.2652252 -1.133009 1.482415 -0.3580177 -0.02109658 1.612889 -0.2652252 -0.02109658 1.482415 -0.2613165 -0.02109658 1.551301 -0.2686062 -1.133009 1.54695 -0.2608223 -1.077785 1.555543 -0.7919431 -1.133009 1.818422 -0.7879779 -1.077785 1.823074 -0.7893243 -0.02109658 1.821654 -0.7844458 -0.02109658 1.154531 -0.7880101 -1.077785 1.152741 -0.7896733 -1.133009 1.154271 -0.4795034 -1.133111 1.379077 -0.4253159 -1.133009 1.253201 -0.4795034 -1.077887 1.379077 -0.4253159 -1.077785 1.253201 -0.4795034 -0.02119916 1.379077 -0.4253159 -0.02109658 1.253201 -0.6044369 -1.077785 3.009365 -0.6092637 -1.133009 3.078964 -0.6092637 -1.077785 3.078964 -0.6044369 -1.133009 3.009365 1.548443 -1.079537 3.001971 1.548443 -1.134761 3.001971 1.495975 -1.134761 2.996518 1.495524 -1.079537 2.999978 1.547671 -1.08006 3.062666 1.547671 -1.135284 3.062666 1.485691 -1.135284 3.059591 1.48524 -1.08006 3.063052 1.664876 -1.15389 3.031089 -0.6805201 -1.15389 3.031089 1.665128 -1.15389 3.152362 -0.680079 -1.15389 3.152099 -0.6716259 -1.0601 3.151066 1.67373 -1.0601 3.151957 1.674011 -1.0601 3.031089 -0.6713612 -1.0601 3.031089 -0.6076517 -0.02069985 3.076785 -0.6028247 -0.02069985 3.007185 1.550055 -0.02245181 2.999792 1.497587 -0.02245181 2.994338 1.549283 -0.02297514 3.060487 1.487303 -0.02297514 3.057412 1.666489 -0.04158127 3.02891 -0.6789079 -0.04158127 3.02891 1.66674 -0.04158127 3.150183 -0.6784668 -0.04158127 3.14992 1.671041 0.005313634 3.149981 -0.6742404 0.005313634 3.149404 1.671056 0.005313634 3.02891 -0.9248405 0.004076421 2.926867 1.497587 0.00272125 2.994338 -0.2890973 1.087331 1.743575 1.683381 0.004773259 1.78603 -1.086174 0.004773259 2.92534 -1.23217 0.004773259 3.525969 -1.586581 0.004773259 4.200519 -0.1908559 1.087331 1.56321 1.683381 0.0306431 1.78603 -0.8422387 1.087331 1.970273 -1.086174 1.087331 2.92534 -1.223542 1.087331 3.523329 -1.586582 1.087331 4.200518 -0.1923804 0.0306431 1.564382 1.683381 1.087331 1.78603 -0.8428257 0.0306431 1.96909 -1.086174 0.03064316 2.92534 -1.23217 0.0306431 3.525969 -1.586581 0.0306431 4.200519 -0.2891479 0.0306431 1.738157 1.711215 0.004773259 1.889356 1.711215 1.203666 1.889356 1.678309 0.004773259 2.134227 1.68029 1.203666 2.134594 1.711215 1.087331 1.889356 1.68029 1.087331 2.134594 1.712827 0.03024637 1.887177 1.68029 0.0306431 2.134594 -1.354256 1.087331 4.533949 -1.536532 1.087331 4.331783 -1.078415 1.087331 3.535813 -1.09036 1.087331 3.582415 -0.9248407 1.087331 2.926867 -0.190582 1.142555 1.563599 1.683381 1.142555 1.78603 -0.8421331 1.142555 1.970485 -1.086174 1.142555 2.92534 -1.23217 1.142555 3.525969 -1.586582 1.142555 4.200518 -1.883988 0.004773259 4.303015 1.711215 1.142555 1.889356 1.68029 1.142555 2.134594 -0.6658089 1.205259 2.992842 -0.9473448 1.203648 3.024451 -1.050053 1.203666 4.140244 -0.9716711 0.004773259 2.394524 -0.9710903 1.087331 2.394725 -0.9710901 0.03064316 2.394725 -0.265986 1.087331 1.977829 -0.3162987 1.087331 1.996996 -0.9710903 1.142555 2.394725 -1.54041 1.203648 4.326783 0.2544601 1.087331 1.616532 0.2544601 0.0306431 1.616532 0.2544601 1.142555 1.616532 0.6008649 0.0306431 1.628775 0.6008649 1.142555 1.628775 0.6008649 1.087331 1.628775 1.041032 0.0306431 1.687482 1.041032 1.142555 1.687482 1.041032 1.087331 1.687482 -0.6801477 0.004773259 3.092938 -0.6693285 0.004773259 2.991692 -0.6801481 1.203666 3.092938 -1.050052 0.004773259 4.140244 -1.009965 0.004773259 4.067599 -1.009966 1.203666 4.067598 -1.455763 0.004773259 4.591789 -1.35235 0.004773259 4.536412 -1.451459 1.203665 4.595975 -1.905015 0.004773259 4.754796 -1.905015 1.203665 4.754795 -0.8144896 1.203666 3.603461 -0.8399584 1.203666 3.67174 -0.8399582 0.004773259 3.67174 -0.8144894 0.004773259 3.603461 -0.6694195 1.087331 2.991662 -0.6801481 1.087331 3.092938 -1.009966 1.087331 4.067598 -1.050053 1.087331 4.140244 -1.455764 1.087331 4.591789 -1.905015 1.087331 4.754795 -0.8144896 1.087331 3.603461 -0.8399584 1.087331 3.67174 -0.8144894 0.0306431 3.603461 -0.8399582 0.0306431 3.67174 -0.6694193 0.03064316 2.991662 -0.6801477 0.0306431 3.092938 -1.009965 0.0306431 4.067599 -1.050052 0.0306431 4.140244 -1.35235 0.0306431 4.536412 -1.455763 0.0306431 4.591789 -1.905015 0.0306431 4.754796 -0.6801481 1.142555 3.092938 -0.6693289 1.142555 2.991692 -1.050053 1.142555 4.140244 -1.009966 1.142555 4.067598 -1.455764 1.142555 4.591789 -1.354691 1.142555 4.536076 -1.905015 1.142555 4.754795 -0.8399584 1.142555 3.67174 -0.8144896 1.142555 3.603461 -0.5672104 1.203666 2.450674 -0.5667389 1.203665 2.507371 -0.5672097 1.087331 2.450675 -0.5667138 1.087331 2.50738 -0.5667136 0.03064316 2.50738 -0.5672097 0.0306431 2.450675 -0.565645 0.004773259 2.507748 -0.5657489 0.004773259 2.451049 -0.5680301 1.142555 2.506926 -0.5657492 1.142555 2.451049 -0.9254322 0.004773259 2.926673 -1.258317 0.004773259 4.014274 -1.224309 0.004773259 3.944955 -1.224309 1.200773 3.944955 -1.258123 1.200773 4.012919 -1.536737 0.004773259 4.330709 -1.091047 0.004773259 3.585098 -1.078415 0.0306431 3.535813 -1.078415 1.200773 3.535813 -1.089432 1.200773 3.578794 -1.078415 0.004773259 3.535813 -0.9473446 0.0306431 3.024451 -1.490071 1.142555 4.318503 -1.224309 1.087331 3.944955 -1.258942 1.087331 4.010812 -1.09036 0.0306431 3.582415 -0.9248405 0.03064316 2.926867 -1.224309 0.0306431 3.944955 -1.256891 0.0306431 4.009058 -1.536532 0.0306431 4.331783 -0.9473448 1.142555 3.024451 -1.489392 1.203575 4.318907 -1.35662 1.202224 4.533918 -1.261651 1.142555 4.011036 -1.224309 1.142555 3.944955 -1.54041 1.142555 4.326783 -1.494038 1.087331 4.318464 -1.089589 1.142555 3.579407 -1.078415 1.142555 3.535813 -0.8041802 1.087331 2.349539 -0.8041802 0.0306431 2.349539 -0.8041802 0.004773259 2.349539 -0.4796243 1.087331 1.824881 -0.9473448 1.087331 3.024451 -1.488175 0.0306431 4.318112 -1.972634 1.087331 4.482986 -1.881731 0.0306431 4.301739 -0.480798 0.0306431 1.822517 -0.8192377 0.03064316 2.422444 -1.488175 0.004773259 4.318112 -1.972634 0.0306431 4.482986 -1.972869 0.004773259 4.483624 -0.8192377 1.087331 2.422444 -0.8192377 0.03064316 2.422444 -0.2671309 0.0306431 1.977829 -0.3162987 0.0306431 1.996996 -0.9473446 0.004773259 3.024451 -0.9248407 1.203648 2.926867 -1.974565 1.203648 4.47791 -0.9248407 1.142555 2.926867 -0.8192377 0.004773259 2.422444 -1.974565 1.142555 4.47791 -1.864488 0.0306431 4.436748 -0.8192377 1.203654 2.422444 -0.8041802 1.203655 2.349539 -0.8041802 1.142555 2.349539 -0.8192377 1.142555 2.422444 1.884684 1.203591 1.906717 1.915413 0.004773259 2.15173 1.917358 1.20363 2.1512 1.884684 1.087331 1.906717 1.917358 1.087331 2.1512 1.885161 0.0306431 1.902768 1.917358 0.0306431 2.1512 1.884684 1.142555 1.906717 1.917358 1.142555 2.1512 2.114168 0.004773259 2.000227 2.115137 1.203591 1.99846 2.115137 1.087331 1.99846 2.115137 0.0306431 1.99846 2.115137 1.142555 1.99846 1.947402 0.004773259 1.769308 1.947403 1.203557 1.769308 2.169073 0.004773259 1.797805 2.169599 1.203557 1.79586 1.947403 1.087331 1.769308 2.169599 1.087331 1.79586 1.947403 0.0306431 1.769308 2.169599 0.0306431 1.79586 1.947403 1.142555 1.769308 2.169599 1.142555 1.79586 -0.2871645 1.203649 1.745024 -0.2686057 1.203597 1.977829 -0.3162987 1.203597 1.996996 -0.3162987 0.004773259 1.996996 -0.2671309 0.004773259 1.977829 -0.2676427 1.142555 1.977829 -0.3162987 1.142555 1.996996 -0.2873354 1.142555 1.744707 0.1763231 0.0306431 1.969502 0.2510487 0.0306431 1.973125 0.1762759 1.203659 1.970394 0.2510487 1.203666 1.973125 0.1905171 1.203664 1.72623 0.2670043 1.203666 1.733473 0.2510487 1.087331 1.973125 0.1763117 1.087331 1.969719 0.176308 0.004773259 1.96979 0.2510321 0.004773259 1.973399 0.1762506 1.142555 1.970872 0.2510277 1.142555 1.97347 0.2670043 1.142555 1.733473 0.1905193 1.142555 1.72623 0.673027 1.203666 2.001983 0.7345705 1.203666 2.009966 0.6730189 0.004773259 2.00209 0.7345569 0.004773259 2.010072 0.6730092 1.142555 2.002217 0.7345407 1.142555 2.010199 0.7345705 0.0306431 2.009966 0.673027 0.0306431 2.001983 0.7679193 1.203666 1.776816 0.6930912 1.203666 1.768017 0.7345705 1.087331 2.009966 0.673027 1.087331 2.001983 0.7679193 1.142555 1.776816 0.6930912 1.142555 1.768017 1.154106 1.203666 2.066412 1.21314 1.203666 2.074984 1.154112 0.004773259 2.066366 1.213146 0.004773259 2.074938 1.15409 1.142555 2.066544 1.213123 1.142555 2.075116 1.21314 0.0306431 2.074984 1.154106 0.0306431 2.066412 1.247911 1.203666 1.834398 1.187649 1.203666 1.830056 1.154106 1.087331 2.066412 1.21314 1.087331 2.074984 1.247911 1.142555 1.834398 1.187649 1.142555 1.830056 1.627189 1.087331 2.126187 1.627189 1.142555 2.126187 1.627189 1.203666 2.126187 1.627189 0.004773259 2.126187 1.627189 0.0306431 2.126187 1.658747 1.142555 1.883903 1.658661 1.203666 1.884562 -0.4802332 1.203664 1.822042 -0.4805157 1.142555 1.821591 0.1905605 1.087331 1.726234 0.2670325 1.087331 1.733476 0.2667973 0.0306431 1.733453 0.190573 0.0306431 1.726236 0.6930554 1.087331 1.768483 0.7679713 1.087331 1.77641 0.7679713 0.0306431 1.77641 0.6929028 0.0306431 1.770476 1.187598 1.087331 1.830056 1.247948 1.087331 1.83411 1.247975 0.0306431 1.833906 1.186469 0.0306431 1.830056 1.658296 1.087331 1.887364 1.658635 0.0306431 1.884761 -0.2902711 0.004773259 1.741211 -0.480798 0.004773259 1.822517 1.658116 0.004773259 1.888747 1.186475 0.004773259 1.830056 1.247239 0.004773259 1.839588 0.6928945 0.004773259 1.770583 0.767525 0.004773259 1.779902 0.1901748 0.004773259 1.726198 0.2667807 0.004773259 1.733452 1.805514 0.004773259 1.797734 -1.366447 1.142555 3.898265 -1.366666 1.087331 3.898209 1.805514 1.087331 1.797733 1.805514 0.0306431 1.797734 1.805514 1.142555 1.797733 -0.7238586 1.142555 2.078359 -0.5269518 1.087331 2.255327 -0.5275171 0.0306431 2.255327 -0.5270381 1.142555 2.255327 -0.5297034 1.203627 2.255327 -0.5248375 0.004773259 2.255327 -0.7238586 1.20366 2.078359 -0.9618168 1.087331 2.194112 -0.9618168 1.142555 2.194112 -0.7238586 1.087331 2.078359 -0.9618168 0.0306431 2.194112 -0.7238586 0.0306431 2.078359 -0.9618168 0.004773259 2.194112 -0.4477162 1.087331 2.08849 -0.4477162 1.203613 2.08849 -0.4477162 0.0306431 2.08849 -0.4477162 1.142555 2.08849 -0.4477162 0.004773259 2.08849 1.885161 0.004773259 1.902768 -1.370786 0.004773259 3.897153 -1.376801 0.0306431 3.895611 -0.5371938 1.142555 1.700569 -0.5371938 1.087331 1.700569 -0.5371938 0.0306431 1.700569 -0.72997 0.004773259 1.009571 1.939077 0.004773259 0.00787127 -1.282038 0.004773259 0.00787127 -0.72997 1.087331 1.009571 1.939077 0.0306431 0.007871389 -1.28137 1.087331 0.007871389 -0.72997 0.0306431 1.009571 1.939077 1.087331 0.007871389 -1.281965 0.0306431 0.007871389 -0.72997 1.142555 1.009571 1.939077 1.142555 0.007871389 -1.281262 1.142555 0.007871389 0.3302188 1.087331 1.475 0.3302188 0.004773259 1.475 0.3302188 0.0306431 1.475 0.3302188 1.142555 1.475 0.6831048 0.0306431 1.436384 0.6831048 1.142555 1.436384 0.6831048 1.087331 1.436384 0.6831048 0.004773259 1.436385 1.732898 0.0306431 0.007871389 1.732898 1.142555 0.007871389 1.732898 1.087331 0.007871389 1.732898 0.004773259 0.00787127 -1.427936 1.087331 0.007871389 -1.427936 1.142555 0.007871389 -1.427936 0.0306431 0.007871389 -1.427936 0.004773259 0.00787127 -0.1765649 1.087331 1.380215 -0.1765649 1.142555 1.380215 -0.1765649 0.0306431 1.380215 -0.1765649 0.004773259 1.380215 1.387738 0.004773259 0.8209963 1.387738 0.0306431 0.8209963 1.387738 1.087331 0.8209964 1.387738 1.142555 0.8209963 -1.877486 1.087331 4.299458 -1.862484 1.142555 4.438895 -1.881271 1.142555 4.301873 -1.854732 1.087331 4.442108 -1.864266 0.004773259 4.435529 1.013659 1.142555 1.209706 1.013659 1.087331 1.209706 1.013659 0.0306431 1.209706 1.013659 0.004773259 1.209706 -0.9902368 1.142555 1.411111 -1.1945 1.142555 0.4802368 -1.084825 1.142555 0.3789475 -0.9902368 0.0306431 1.411111 -1.084825 0.0306431 0.3789475 -1.1945 0.0306431 0.4802368 -0.9879754 0.004773259 1.413128 -1.1945 0.004773259 0.4802368 -0.9902368 1.087331 1.411111 -1.084825 1.087331 0.3789475 -1.1945 1.087331 0.4802368 -1.043595 1.142555 1.039545 -1.043595 1.142555 1.039545 -1.043595 1.087331 1.039545 -1.043594 0.0306431 1.039545 -1.043594 0.0306431 1.039545 -1.043595 0.004773259 1.039545 1.010746 1.142555 1.211914 -1.084825 0.004773259 0.3789475 1.653698 1.142555 0.7916066 1.616052 1.142555 0.3730546 1.653698 1.087331 0.7916067 1.616052 1.087331 0.3730549 1.653698 0.0306431 0.7916065 1.616052 0.0306431 0.3730546 1.616052 0.004773259 0.3730548 1.653698 0.004773259 0.7916066 1.942023 1.087331 1.782883 1.941392 0.0306431 1.784171 1.943015 1.142555 1.78038 1.840825 0.004773259 1.744373 1.840825 1.087331 1.744373 1.840825 0.0306431 1.744373 1.840825 1.142555 1.744373 1.941727 0.004773259 1.783342 1.470115 1.087331 1.478706 1.469994 1.142555 1.478706 1.468968 0.0306431 1.478706 1.469409 0.004773259 1.478706 0.1798943 1.142555 1.467121 0.1798943 1.087331 1.46849 0.1798943 0.004773259 1.464253 0.1798943 0.0306431 1.464336 1.49336 1.142555 1.32155 1.49336 1.087331 1.32155 1.49336 0.0306431 1.32155 1.49336 0.004773259 1.32155 1.500944 1.142555 1.637671 1.500944 1.087331 1.637671 1.500944 0.0306431 1.637671 1.500944 0.004773259 1.637671 -0.6136251 1.142555 1.295936 -0.8904636 1.142555 0.9924504 -0.8457527 1.142555 1.413696 -0.6136251 0.0306431 1.295936 -0.6136251 1.087331 1.295936 -0.8457527 0.0306431 1.413696 -0.8457527 1.087331 1.413696 -0.8904636 0.0306431 0.9924504 -0.8904636 1.087331 0.9918001 1.150663 1.142555 1.308789 1.451256 1.142555 1.752398 1.349789 1.142555 1.50279 1.270353 1.142555 1.182496 0.9700389 1.142555 1.453886 1.150663 0.0306431 1.308789 1.272589 0.0306431 1.18026 1.451256 0.0306431 1.752398 0.9700389 0.0306431 1.453886 1.349789 0.0306431 1.50279 1.272589 1.087032 1.18026 1.150663 1.087331 1.308789 0.9700389 1.087331 1.453886 1.349789 1.087331 1.50279 1.451256 1.087331 1.752398 1.358519 1.142555 1.351047 1.358519 1.088016 1.351047 1.358519 0.0306431 1.351047 0.805994 1.142555 1.542535 0.809463 1.087331 1.542515 0.8063834 0.0306431 1.541982 1.373401 1.142555 1.639192 1.373401 1.087331 1.639192 1.373401 0.0306431 1.639192 1.210015 1.142555 1.721565 1.210015 1.087331 1.721565 1.210015 0.0306431 1.721565 0.8077517 1.142555 1.545385 0.7556112 1.142555 1.609183 0.7556112 1.087331 1.609183 0.7556112 0.0306431 1.609183 0.8263007 1.142555 1.670884 0.8354913 1.087331 1.674608 0.8285332 0.0306431 1.672812 1.323259 0.0306431 1.701236 1.323259 1.142555 1.701236 1.323259 1.087331 1.701236 1.397208 1.142555 1.210887 1.506278 1.142555 1.051884 1.397208 1.08746 1.210887 1.506278 1.087331 1.051884 1.506278 0.0306431 1.051884 1.397208 0.0306431 1.210887 1.365829 1.142555 1.156832 1.360877 1.087267 1.1552 1.365223 0.0306431 1.156632 1.152022 1.142555 1.078395 1.152022 1.087331 1.078395 1.152022 0.004773259 1.078395 1.152022 0.0306431 1.078395 -0.8365331 1.142555 1.178423 -0.8365331 1.087331 1.178423 -0.8365331 0.0306431 1.178423 -0.8220058 1.142555 1.718217 -0.9650478 1.142555 1.807563 -0.2652252 1.087331 1.482415 -0.9689798 1.087331 1.799366 -0.8258691 1.087331 1.718217 -0.3414495 1.087331 1.607614 -0.7071459 1.142555 1.810183 -0.7071459 1.087331 1.810183 -0.7071459 0.0306431 1.810183 -0.9664304 0.0306431 1.785804 -0.3424733 1.142555 1.608263 -0.8248758 0.0306431 1.718217 -0.2652252 1.142555 1.482415 -0.3580177 0.0306431 1.612889 -0.2652252 0.0306431 1.482415 -0.2613165 0.0306431 1.551301 -0.2686062 1.142555 1.54695 -0.2608223 1.087331 1.555543 -0.7919431 1.142555 1.818422 -0.7879779 1.087331 1.823074 -0.7893243 0.0306431 1.821654 -0.7844458 0.0306431 1.154531 -0.7880101 1.087331 1.152741 -0.7896733 1.142555 1.154271 -0.4795034 1.142658 1.379077 -0.4253159 1.142555 1.253201 -0.4795034 1.087434 1.379077 -0.4253159 1.087331 1.253201 -0.4795034 0.03074568 1.379077 -0.4253159 0.004773259 1.253201 -0.4253159 0.0306431 1.253201 1.041032 0.004773259 1.687482 -0.5371938 0.004773259 1.700569 -0.6136251 0.004773259 1.295936 -0.8457527 0.004773259 1.413696 1.150663 0.004773259 1.308789 1.272589 0.004773259 1.18026 0.9700389 0.004773259 1.453886 1.349789 0.004773259 1.50279 1.358519 0.004773259 1.351047 0.8063834 0.004773259 1.541982 1.373401 0.004773259 1.639192 1.210015 0.004773259 1.721565 0.7556112 0.004773259 1.609183 0.8285332 0.004773259 1.672812 1.323259 0.004773259 1.701236 1.397208 0.004773259 1.210887 1.365223 0.004773259 1.156632 -0.8365331 0.004773259 1.178423 -0.7071459 0.004773259 1.810183 -0.8248758 0.004773259 1.718217 -0.3580177 0.004773259 1.612889 -0.2652252 0.004773259 1.482415 -0.2613165 0.004773259 1.551301 -0.7893243 0.004773259 1.821654 -0.7844458 0.004773259 1.154531 -0.4795034 0.004773259 1.379077 -0.6044369 1.087331 3.009365 -0.6092637 1.142555 3.078964 -0.6092637 1.087331 3.078964 -0.6044369 1.142555 3.009365 1.548443 1.089083 3.001971 1.548443 1.144307 3.001971 1.495975 1.144307 2.996518 1.495524 1.089083 2.999978 1.547671 1.089606 3.062666 1.547671 1.144831 3.062666 1.485691 1.144831 3.059591 1.48524 1.089606 3.063052 1.664876 1.163437 3.031089 -0.6805201 1.163437 3.031089 1.665128 1.163437 3.152362 -0.680079 1.163437 3.152099 -0.6716259 1.069647 3.151066 1.67373 1.069647 3.151957 1.674011 1.069647 3.031089 -0.6713612 1.069647 3.031089 -0.6076517 0.03024637 3.076785 -0.6028247 0.03024637 3.007185 1.550055 0.03199833 2.999792 1.497587 0.03199833 2.994338 1.549283 0.03252166 3.060487 1.487303 0.03252166 3.057412 1.666489 0.05112779 3.02891 -0.6789079 0.05112779 3.02891 1.66674 0.05112779 3.150183 -0.6784668 0.05112779 3.14992 1.550055 0.004773259 2.999792 1.671041 0.004232823 3.149981 -0.6742404 0.004232823 3.149404 1.671056 0.004232823 3.02891 1.549283 0.004773259 3.060487 -0.9248405 0.005470037 2.926867 -0.6028247 0.004773259 3.007185 1.497587 0.006825208 2.994338</float_array>
          <technique_common>
            <accessor source="#Cube_002-mesh-positions-array" count="1000" stride="3">
              <param name="X" type="float"/>
              <param name="Y" type="float"/>
              <param name="Z" type="float"/>
            </accessor>
          </technique_common>
        </source>
        <source id="Cube_002-mesh-normals">
          <float_array id="Cube_002-mesh-normals-array" count="6234">0.9773243 -0.04332095 0.2072691 0.9188478 0 0.3946121 0.3410812 0 0.9400338 0.9670776 -4.364e-7 0.2544816 -0.2482899 -8.92748e-6 0.9686858 0.9188477 -7.70778e-7 0.3946121 0.3410822 -2.30873e-7 0.9400334 0.3410811 -1.47254e-6 0.9400339 0.9670777 0 0.2544812 0.9188473 0 0.3946135 0.09538501 0 -0.9954404 -0.9772786 0 -0.2119588 -0.9717059 0 -0.2361944 -0.8238442 0 -0.5668163 -0.06987881 0 0.9975555 -0.1227294 0.001793503 0.9924385 0.5713726 0 0.8206909 -0.3925294 0 0.9197394 0 -1 0 0.7949905 0 0.6066219 0.7276092 0 -0.685992 -0.9772787 0 -0.2119584 0.521958 0 -0.8529711 0.9188473 1.53956e-6 0.3946132 -0.06987881 0 0.9975556 0 -1 0 -0.9686859 0 -0.2482894 0.9782427 -2.20719e-7 0.2074638 -0.9787806 0 -0.2049117 0.3410824 0 0.9400334 0.727609 -7.26585e-4 -0.6859917 -0.1227296 0 0.9924402 -0.998674 -0.02278709 -0.04616355 -0.9989333 0 -0.04617673 -0.06796646 0.004251718 0.9976786 0.08189713 0.001890838 -0.996639 0 -1 0 0 -1 0 0 -1 0 -0.03863602 -0.005290567 -0.9992393 0.09538698 0 -0.9954403 -0.06822347 -0.01060765 0.9976136 0.9794169 -0.001530647 0.2018423 0.9799748 0 0.1991214 -0.1333427 0 0.99107 -0.06822735 0 0.9976698 0.1268114 1.35493e-4 -0.9919269 -0.06822681 -0.005647778 0.9976539 0 -1 0 0.08080857 3.88869e-6 -0.9967296 0 -1 0 0 1 0 0.125836 0 -0.9920511 0 -1 0 0.1228977 -0.002484142 -0.9924162 -0.1333423 -0.003842651 0.9910626 -0.1331047 0.002410113 0.9910991 -0.1333415 -0.004143655 0.9910615 -0.1227291 0 0.9924403 0 -1 0 -0.1224119 0.002411544 0.9924765 0.1212281 0 -0.9926247 0.3463662 0.05582553 -0.9364368 -0.3917009 0.008805692 0.9200506 0.9485293 0.04535108 -0.3134253 -0.9704219 0 0.2414155 -0.2482893 0 0.9686859 -0.4966323 0 0.8679611 -0.3925294 0 0.9197396 0.3187982 1.92418e-4 -0.9478226 -0.496631 0 0.8679618 -0.4966323 -5.59237e-7 0.8679611 0.954984 0 -0.2966574 0.5209288 -0.02902251 -0.8531066 0.9670777 -2.34532e-6 0.2544815 0.5252234 0.1958971 -0.8281091 0.2482894 0 -0.9686859 0.9670777 0 0.2544812 -0.2459166 1.1546e-4 0.969291 0.3359916 0 -0.941865 -0.2460697 0.001615703 0.9692508 0.5267045 -0.002432823 -0.850045 -0.8389381 0.004835724 0.5442054 0.3491244 -3.65596e-6 -0.9370763 -0.496631 0 0.8679618 0.3187988 1.41925e-7 -0.9478225 -0.2482901 3.96709e-6 0.9686858 -0.8374481 -0.05976885 0.5432389 -0.327576 -0.007817149 -0.9447926 0.9549844 -2.15471e-7 -0.2966558 0.9518507 -0.03931182 -0.3040312 -0.9686859 0 -0.2482894 -2.01843e-5 -1 -5.79852e-5 -0.3925297 0 0.9197394 0.3187977 -1.71394e-4 -0.9478228 0.3187602 0 -0.9478354 0.2482894 0 -0.9686859 -2.97652e-5 -1 1.7305e-5 0.01670902 -2.63597e-4 0.9998604 -0.8026571 -0.0128709 -0.5963019 -0.8490664 0 0.5282863 0.7913083 0 0.6114173 -0.2467944 0.00391674 0.96906 0.9786164 0.02216875 0.2044958 0 1 0 0.2482891 0 -0.9686859 -0.9787805 2.2084e-7 -0.2049117 -4.73735e-5 -1 4.80608e-7 -0.2458931 0 0.969297 0.9800982 -0.04277324 0.1938503 -0.8490241 0.008348226 0.5282883 -0.3243991 0 -0.9459204 -0.9383057 0 -0.3458068 0 -1 6.0947e-7 -0.01163762 -0.9999288 0.002640008 0.2482894 0 -0.968686 0.3187987 0 -0.9478224 -0.01019668 -0.9999409 -0.003755986 0.9782412 0.001715898 0.2074635 0.6112247 0 0.7914572 0.6112247 0 0.7914572 -0.0698558 -0.02567082 0.9972267 4.23472e-4 -0.9999999 5.33993e-5 -0.06987881 0 0.9975554 0.0900973 -0.00219047 -0.9959305 0.9657164 3.1864e-7 0.2595992 0.9657165 0 0.2595993 0.6109282 -0.03115999 0.7910726 -0.9947288 -0.02972519 0.09813928 0.6112247 0 0.7914572 -0.9270551 -9.74096e-5 -0.374925 0.1275054 5.8755e-7 -0.9918379 0.1186527 0 -0.9929358 0.1186537 2.77578e-7 -0.9929357 0.1186527 0 -0.9929358 0.9657164 1.18122e-4 0.2595995 -0.9951678 -0.001078188 0.09818261 0 -1 0 0.9657164 0 0.2595992 0.007239758 -0.9999722 0.001814544 0.01877313 -0.01111012 0.999762 0.01877427 2.03413e-5 0.9998238 0.01566976 -4.70106e-4 0.9998771 0.9916236 0 0.1291604 -0.989721 -2.75423e-6 -0.1430115 0.9901085 0.001057863 0.1403002 -0.9899284 0 -0.141569 0.9963415 -1.72499e-5 0.0854609 -0.9978481 -2.23494e-4 -0.06556767 0.998292 1.2097e-6 0.05842047 0 -1 0 -0.9964483 -0.002351582 0.0841735 -0.9952521 0 0.09733122 0.7949873 -0.002847671 0.6066194 0.7915783 -0.04762434 0.609209 0.001877367 -0.9999852 0.005125045 -0.969871 0 0.2436194 -0.9704219 0 0.2414155 -0.9700912 8.94043e-6 0.2427407 0.3340981 0.106009 -0.9365578 0.7253856 0 -0.6883427 -0.2482899 0 0.9686858 0.9983035 -4.26168e-5 0.05822557 -0.9977909 2.59177e-7 -0.06643086 0.9963438 -3.54438e-5 0.08543378 0.9900808 -3.71461e-5 0.1404994 -0.9899268 5.68944e-5 -0.1415801 -0.989718 3.30661e-5 -0.1430328 0.9916239 1.0544e-6 0.1291593 0.9916238 -1.18339e-5 0.1291599 0.9907556 2.09052e-5 0.1356588 -0.98967 -2.698e-5 -0.1433639 -0.9898973 6.27853e-5 -0.1417863 0.9963349 -3.25818e-5 0.08553904 -0.9978531 5.43784e-5 -0.06549274 0.9981696 0.01545292 0.05847018 -0.997783 5.13623e-4 -0.06654876 -0.9899284 -1.09785e-4 -0.141569 -0.9897192 -7.65828e-5 -0.1430238 0.9916238 -5.19936e-6 0.1291593 0.9901086 9.10484e-4 0.1403002 0.9963439 -7.5861e-5 0.08543378 0.9982919 -7.49901e-4 0.05842047 0 1 0 0 1 0 -0.9921431 0 -0.1251082 -0.9901365 -0.05151951 -0.1302899 -0.9921431 0 -0.1251082 -0.9921431 0 -0.1251081 6.6221e-5 -1 -1.66344e-4 -0.02484351 1.42208e-6 -0.9996913 8.32951e-5 -1 -2.09233e-4 0 1 0 0.7297124 0 -0.6837542 -0.9406775 -0.004072308 -0.3392777 -0.9380221 0 -0.3465757 0 -1 0 0 -1 0 -0.9296655 0 -0.3684051 -0.9270552 -2.4275e-6 -0.374925 0.9783184 -0.05811882 0.1987848 0.9033035 0 0.4290022 0.9021154 4.826e-4 0.4314946 0.9031223 0 0.4293834 1.19071e-4 -1 5.461e-5 -0.9588254 0 -0.2839962 -0.9588254 0 -0.2839962 0.8982028 -0.09303534 0.4296232 0 -1 0 -0.7258009 -0.008438527 -0.687853 -0.720115 0 -0.6938548 0.5713725 0 0.8206908 0.5713725 0 0.8206908 0.5713726 0 0.8206908 1.71489e-4 -1 -2.89873e-6 2.32426e-4 -1 1.64466e-4 0 -1 0 -0.9058996 0.2317501 -0.354454 0 -1 0 0.0995832 4.66477e-6 -0.9950293 0 1 0 0 1 0 -3.86633e-4 -0.9999918 0.004034817 0 -1 0 -0.06099778 -0.2157715 0.9745367 -0.1239154 -0.004146039 0.9922841 -0.09427231 7.4649e-6 0.9955464 0.4012306 -0.09017598 0.9115274 0.9793298 0 0.20227 0 -1 0 0 -1 0 0 1 0 0 1 0 0 1 0 0 1 0 0 1 0 -0.80063 5.59108e-4 -0.5991588 0 -1 0 0 -1 0 0 -1 0 0 -1 0 0 -1 0 0.6245487 0 -0.7809859 -0.1087782 0 -0.994066 -0.1087776 0 -0.9940661 -0.5655503 -1.78026e-6 -0.8247138 -0.5655508 7.60062e-6 -0.8247135 0 0 -1 0 -4.60804e-6 -1 0 0 -1 0 -4.60804e-6 -1 0.9396452 0 0.3421505 0 -1 0 0 -1 0 0.9571503 -6.67224e-7 0.2895916 -0.8965028 0 0.4430382 0 1 0 0 -1 0 -0.8965028 2.04154e-6 0.4430381 0 -1 0 0 -1 0 0.2403129 0.0240643 -0.9703972 2.04845e-4 0.9999996 9.02629e-4 0 -1 0 0.2294662 -8.97016e-6 -0.9733166 -0.8909448 2.09256e-6 -0.4541114 -0.9524339 1.31567e-6 -0.3047453 0 1 0 -0.3251791 -0.01906341 -0.9454603 0 -1 0 -0.4046077 -0.039572 -0.9136338 -0.9918394 0.01447784 0.1266694 -0.9880412 0.07363754 0.1354702 -0.3259295 0.100436 -0.9400439 -0.7374861 0 -0.6753624 -0.001400232 0.9999982 -0.001282274 -0.7374862 0 -0.6753622 -0.9898459 3.06839e-7 0.1421445 0 -1 0 0 -1 0 0 -1 0 0 -1 0 0 -1 0 0 1 0 -0.9863296 0.0747689 0.1468453 -0.9654761 0 0.2604918 0 1 0 0 0 0 0 0 0 0 1 0 -0.965476 0 0.2604917 0 0 0 0 1 0 0 1 0 0 -1 0 0 1 0 0 1 0 0 -1 0 0 1 0 0 -1 0 0 1 0 0 -1 0 0 -1 0 0 0 0 0.8838019 0 -0.4678613 0.8714994 0 -0.4903966 0.8714994 -2.25977e-6 -0.4903966 0.8831093 0 -0.4691673 0 -1 0 0.9891245 -0.002165019 0.1470649 0 1 0 0 -1 0 0.9396452 -7.88321e-7 0.3421505 -0.9524338 -1.40428e-6 -0.3047454 -0.8909449 9.80263e-7 -0.4541116 0.3319374 0.04865765 -0.9420457 0.3679706 0 -0.9298374 0 -1 0 0 -1 0 -0.9096736 0.009936034 -0.4152053 -0.8339437 0 -0.5518495 -0.8339446 0 -0.5518482 0 -1 0 0 1 0 0 -1 0 0 1 0 -0.9622517 0.1391535 -0.2338972 0 1 0 -0.808331 -0.003800868 -0.588716 0 -1 0 0 1 0 0 -1 0 0 1 0 0 1 0 -0.9588255 0 -0.2839962 0 -1 0 0 -1 0 3.05482e-7 -1 1.73491e-7 0 -1 0 0 -1 0 0 -1 0 0 -1 0 0 -1 0 0 -1 0 0 1 0 9.85278e-7 -1 -1.38742e-6 0 -1 0 0 -1 0 0 1 0 0 -1 0 0 -1 0 0 -1 0 0 -1 0 0 -1 0 0.3696053 0.03082454 0.9286774 -0.09427249 -2.65577e-6 0.9955465 -0.1167753 -0.008457839 0.9931223 -0.07186198 0.005245923 0.9974008 -5.89609e-5 0.9999988 0.001565933 0.9793298 0 0.20227 0 1 0 0.9686847 -1.07195e-6 0.248294 0.88508 0 0.465439 0.1622869 0.01236498 0.9866662 0.9686859 -2.83863e-6 0.2482892 0.8970851 -0.03929829 0.4401068 0.2718046 0.04208523 0.9614318 0 1 0 0.002676248 0.9999964 2.4272e-5 0.9815669 -0.002148509 -0.191107 0 -1 0 0.9802254 -0.01674419 -0.1971749 0.6245489 -3.59881e-6 -0.7809857 0 -1 0 0 -1 0 0.04326272 0 -0.9990638 0 1 0 0 1 0 0 1 0 0 -1 0 0.07130932 -0.003217339 -0.9974491 0 1 0 0.9571503 -6.25124e-7 0.2895916 0.9880271 -0.01687747 0.1533545 0 -1 0 0.6309221 0 -0.7758461 0.6309221 0 -0.7758461 0 1 0 0 -1 0 0 -1 0 0 -1 0 0 1 0 7.63112e-7 -1 1.28378e-7 0 -1 0 0 1 0 4.93807e-7 -1 5.20328e-7 0 -1 0 0 -1 0 0 -1 0 0 -1 0 -6.24895e-7 -1 7.68435e-7 -9.27053e-7 -1 6.3757e-7 -8.44043e-7 -1 7.37044e-7 -0.005251467 0.9999859 -7.7676e-4 0 -1 0 0 -1 0 0 1 0 0 -1 0 0 1 0 0 -1 0 0 -1 0 -9.32492e-7 -1 1.81552e-7 0 1 0 0 -1 0 1.34874e-7 -1 -1.1193e-6 0 1 0 0 -1 0 0 -1 0 0 1 0 0 -1 0 0 -1 0 0 1 0 0 1 0 0 -1 0 0 -1 0 0 1 0 0 1 0 0 -1 0 0 -1 0 0 -1 0 0 -1 0 0 1 0 0 -1 0 0 -1 0 -0.001271307 0.9999992 -6.09025e-5 0 1 0 0 -1 0 0 -1 0 -1.27087e-6 -1 0 3.21385e-4 1 -1.65002e-4 0 -1 0 5.57932e-7 -1 5.10933e-7 0 1 0 0 -1 0 -0.6883794 0 -0.7253509 -0.6883794 0 -0.7253508 0 -1 0 0 1 0 0 -1 0 0 -1 0 0 1 0 -0.9999362 0 0.01129865 0 1 0 0 1 0 0 -1 0 0 1 0 0 -1 0 0 1 0 0 -1 0 0 -1 0 0 -1 0 0 -1 0 0 -1 0 0 -1 0 0 -1 0 0 1 0 0 -1 0 0 -1 0 0 -1 0 0 -1 0 0 -1 0 0 1 0 0 -1 0 0 1 0 0 -1 0 0 1 0 0 1 0 0 1 0 0 1 0 0 1 0 0 1 0 0 -1 0 0 1 0 0 -1 0 0 -1 0 0 -1 0 0 -1 0 0 1 0 0 -1 0 -7.21444e-4 0.9999997 5.03879e-4 0.4547576 0 -0.8906152 7.21864e-4 -0.9999997 -5.04172e-4 0.4547569 0 -0.8906156 0 -1 0 0 -1 0 0.7254978 -0.001501321 0.6882228 0.626267 0 0.7796087 0.4752117 -0.02952075 0.8793761 0.2592409 0.05168318 0.9644289 -0.8361626 -0.05879122 0.5453217 -0.9639499 0 -0.2660835 -0.9983493 0 -0.05743461 -0.9853463 0 0.1705661 -0.7777573 0 -0.6285647 -0.1766912 0 -0.9842664 0.1977094 0 -0.9802607 0.07695299 0.05432927 -0.9955534 0.6327375 -0.05320495 -0.7725365 -0.4343854 0 0.9007271 -0.5268751 0 0.8499426 -0.6264097 0.04043173 0.7784447 -0.9896922 0.1302257 0.05958753 -0.5312377 0.2028701 -0.8225754 -0.4289698 -0.002674698 -0.9033149 -0.542012 0 -0.8403708 0.997875 0 -0.0651561 0.9992331 0 0.03915697 0.4581462 0 0.8888769 0.9397684 -0.03887188 -0.3395943 -0.09631299 0.09040725 -0.9912368 0.7778899 0.008557558 0.6283424 -0.1766912 0 -0.9842663 0.999233 1.80437e-7 0.03915697 -0.9983493 0 -0.05743461 -0.542012 0 -0.8403707 0.7978788 0 0.602818 0.9457005 0 -0.325039 -0.9853463 0 0.1705661 0.4739912 0 0.8805297 0.4169226 0 0.908942 -0.1382439 0 -0.9903983 -0.9983941 5.22084e-7 0.05664926 0.626267 0 0.7796087 -0.5268751 0 0.8499428 0.9976583 0 -0.06839597 -0.96395 -2.45225e-6 -0.2660835 -0.4395474 0 -0.8982194 0.1977095 0 -0.9802607 0.06887137 0 -0.9976256 -0.7777573 0 -0.6285647 -0.8614448 0 0.5078511 0.7254971 3.17137e-6 0.6882251 -0.4343854 0 0.9007272 -0.6376631 0 0.7703154 -0.5371873 0 -0.8434628 0.2471487 4.46508e-6 0.9689776 0.6574633 0 -0.7534866 -0.001086771 -0.9999994 -7.53712e-5 0 -1 0 0.2493487 0 -0.9684138 -0.1591855 0 0.9872487 5.13181e-5 0.9999656 0.008305132 1.6121e-4 -0.9999988 -0.001551091 -0.9894672 0.001000106 -0.1447544 0.9894674 0 0.144756 8.94914e-4 -0.9999625 -0.008610486 8.71943e-4 0.9999639 0.008438944 0 0.8373711 -0.5466349 -0.006052196 0.06249213 -0.9980271 0 -1 0 0.9952881 -0.09693455 0.002308785 0 -0.8482034 -0.5296708 0 1 0 -1.12228e-4 0.01102155 0.9999393 0.9999192 0 0.01271229 -0.2601392 0 -0.9655712 -0.003360569 -0.8391614 -0.5438721 0.02209597 0.895066 -0.4453859 -0.001086771 -0.9999994 -7.53729e-5 0.001165032 -0.9999994 2.69281e-4 8.94916e-4 -0.9999626 -0.008610486 0 0.8373703 -0.5466361 0 -1 0 -1.12228e-4 0.01102155 0.9999393 -0.256361 0.02496719 -0.9662587 0.02209591 0.8950655 -0.4453871 0.9952909 -0.09693235 1.17599e-4 0.9999192 0 0.01271033 0.007342934 -0.9999729 -5.00335e-4 0.9896318 0 0.1436275 0.2420109 0 -0.9702734 -0.006116271 0 -0.9999812 -0.9896227 0 -0.143691 0.9773243 0.04332095 0.2072691 0.9188478 0 0.3946121 0.3410813 0 0.9400338 0.9670778 2.182e-7 0.2544812 -0.2482899 8.92748e-6 0.9686858 0.9188477 7.70778e-7 0.3946121 0.3410811 7.71435e-7 0.9400339 0.3410813 0 0.9400338 0.9670777 0 0.2544812 0.9188473 0 0.3946135 0.09538501 0 -0.9954404 -0.9772786 0 -0.2119588 -0.9717058 -2.17678e-6 -0.2361943 -0.8238442 0 -0.5668163 -0.06987881 0 0.9975555 -0.12284 0 0.9924265 0.5713726 0 0.8206909 -0.3925294 0 0.9197394 0 1 0 0.7949905 0 0.6066219 0.7276092 0 -0.685992 -0.9772787 0 -0.2119584 0.5211443 -0.003976106 -0.8534594 0.9188473 0 0.3946134 -0.06987881 0 0.9975556 0 1 0 -0.9686859 1.01683e-6 -0.2482895 0.9782427 2.20719e-7 0.2074638 -0.9787805 0 -0.2049116 0.3410822 3.14344e-6 0.9400334 0.7253856 0 -0.6883428 -0.1227296 0 0.9924402 -0.998674 0.02278709 -0.04616355 -0.9989333 0 -0.04617673 -0.06796646 -0.004251718 0.9976786 0.08189713 -0.001890838 -0.996639 0 1 0 0 1 0 0 1 0 -0.03863602 0.005290567 -0.9992393 0.09538698 0 -0.9954403 -0.06783264 0.004149675 0.9976881 0.9806317 -0.02725005 0.1939558 0.9799748 0 0.1991214 -0.1333427 0 0.99107 -0.06822735 0 0.9976698 0.1268114 -1.35493e-4 -0.9919269 -0.06796652 0.0038383 0.9976802 0 1 0 0.08080804 0 -0.9967296 0 1 0 0 -1 0 0.125836 0 -0.9920511 0 1 0 0.1286975 1.94993e-4 -0.9916839 -0.1331048 0.002177953 0.9910995 -0.1331047 -0.002410113 0.9910991 -0.1329835 -0.001783132 0.9911167 -0.1227291 0 0.9924403 0 1 0 -0.1227296 4.28464e-6 0.9924401 0.1196257 0.01088124 -0.9927594 0.3463662 -0.05582553 -0.9364368 -0.3925294 0 0.9197395 0.952587 0 -0.3042663 -0.9698066 -0.01152122 0.2436032 -0.2482901 4.18208e-6 0.9686858 -0.4966323 0 0.8679611 -0.3925294 0 0.9197396 0.3187602 0 -0.9478353 -0.496631 0 0.8679618 -0.4966309 1.95837e-7 0.8679618 0.9551061 0.004713952 -0.2962264 0.5209288 0.02902251 -0.8531066 0.9670777 2.34532e-6 0.2544815 0.5252234 -0.1958971 -0.8281091 0.2482894 0 -0.9686859 0.9670777 0 0.2544812 -0.2459166 -1.1546e-4 0.969291 0.3359916 0 -0.941865 -0.2460697 -0.001615703 0.9692508 0.5267045 0.002432823 -0.850045 -0.8490663 -3.00569e-4 0.5282863 0.346887 -0.01081085 -0.9378446 -0.496631 0 0.8679618 0.3187988 -1.41925e-7 -0.9478225 -0.2482901 -3.9671e-6 0.9686857 -0.8374481 0.05976885 0.5432389 -0.393135 0 -0.9194808 0.9549844 2.15471e-7 -0.2966558 0.9518507 0.03931182 -0.3040312 -0.9686859 0 -0.2482894 -2.01843e-5 1 -5.79852e-5 -0.3917136 -0.003727316 0.9200795 -0.3287466 -5.3058e-7 -0.9444182 0.3187977 1.71371e-4 -0.9478228 0.2482894 0 -0.9686859 -2.9746e-5 1 1.77944e-5 0.01670902 2.63597e-4 0.9998604 -0.8026571 0.0128709 -0.5963019 -0.8490664 0 0.5282863 0.7923597 -0.01724767 0.6098104 -0.2467944 -0.00391674 0.9690598 0.9780865 -0.05857139 0.1997904 0 -1 0 0.2482891 0 -0.9686859 -0.9787805 -2.2084e-7 -0.2049117 -0.005114734 0.9999776 -0.00432527 -0.2458931 0 0.969297 0.9817649 0.02463126 0.1884963 -0.8508173 0.005990803 0.5254274 -0.3257718 -0.01819288 -0.9452733 -0.9383624 -0.001106917 -0.3456513 0 1 6.0947e-7 -0.0116381 0.9999288 0.002639889 0.2482894 0 -0.968686 0.3187987 0 -0.9478224 -0.01083463 0.9999305 -0.004653096 0.9782412 -0.001715898 0.2074635 0.6112247 0 0.7914572 0.6112247 0 0.7914572 -0.0698558 0.02567082 0.9972267 1.64398e-4 1 -1.78977e-4 -0.06987881 0 0.9975554 0.09958249 0.003763377 -0.9950222 0.9657164 -3.1864e-7 0.2595992 0.9657165 0 0.2595993 0.6109282 0.03115999 0.7910726 -0.9947288 0.02972519 0.09813928 0.6112247 0 0.7914571 -0.9270551 9.74096e-5 -0.374925 0.1183031 -0.07682901 -0.9900009 0.1186527 0 -0.9929358 0.1186537 -2.77578e-7 -0.9929357 0.1186527 0 -0.9929358 0.9657164 -1.18122e-4 0.2595995 -0.995807 -4.21391e-4 0.09147799 0 1 0 0.9657165 0 0.2595992 0.007239758 0.9999722 0.001814544 0.01877313 0.01111012 0.999762 0.018332 -2.0554e-4 0.9998319 0.01832801 -0.02085 0.9996145 0.9916238 -1.29587e-7 0.1291598 -0.989721 2.75423e-6 -0.1430115 0.9901085 -0.001057863 0.1403002 -0.9899284 0 -0.141569 0.9963415 1.72499e-5 0.0854609 -0.9978481 2.23494e-4 -0.06556767 0.9982887 1.18912e-5 0.05847716 0 1 0 -0.9964483 0.002351582 0.0841735 -0.9952521 0 0.09733122 0.7949873 0.002847671 0.6066194 0.7889873 0 0.6144097 0.001877546 0.9999852 0.005125463 -0.9698709 0 0.2436193 -0.9704223 4.36834e-7 0.2414138 -0.9703165 0.01476597 0.2413875 0.3340981 -0.106009 -0.9365578 0.7253856 0 -0.6883427 -0.2482893 -2.18563e-7 0.9686859 0.9983035 4.26169e-5 0.05822557 -0.9977915 -3.18958e-5 -0.06642282 0.9963438 3.54438e-5 0.08543378 0.9900808 3.71461e-5 0.1404994 -0.9899268 -5.68944e-5 -0.1415801 -0.989718 -3.30661e-5 -0.1430328 0.9916238 0 0.1291596 0.9916238 1.18339e-5 0.1291599 0.9907521 2.1914e-4 0.1356845 -0.9897158 -0.003247201 -0.1430107 -0.9899263 -0.00203526 -0.1415687 0.9963349 3.25818e-5 0.08553904 -0.997848 6.42764e-4 -0.06556767 0.9981696 -0.01545292 0.05847018 -0.997783 -5.13623e-4 -0.06654876 -0.9899284 1.09785e-4 -0.141569 -0.9897192 7.65828e-5 -0.1430238 0.9916236 5.57621e-7 0.1291604 0.9901086 -9.10484e-4 0.1403002 0.9963415 -3.9706e-5 0.0854609 0.9982919 7.49901e-4 0.05842047 0 -1 0 0 -1 0 -0.9914634 -0.001243293 -0.1303797 -0.9881064 0.07755678 -0.1327806 -0.9921431 0 -0.1251082 -0.9921431 0 -0.1251081 6.6016e-5 1 -1.65829e-4 -0.03612804 0.005125463 -0.999334 1.94834e-5 1 -1.63044e-4 0 -1 0 0.7300032 0.001675248 -0.6834417 -0.9406775 0.004072308 -0.3392777 -0.938022 0 -0.3465759 0 1 0 0 1 0 -0.9296655 0 -0.3684051 0 -1 0 -0.9270552 2.4275e-6 -0.374925 0.9738517 0.100871 0.2035632 0.9031215 0.001411437 0.429383 0.9021154 -4.826e-4 0.4314946 0.8968003 0.03913801 0.4407009 3.52163e-5 1 -1.90958e-4 -0.9588254 0 -0.2839962 -0.9588254 0 -0.2839962 0.9077123 0 0.4195929 0 1 0 -0.7248229 0 -0.6889353 -0.720115 0 -0.6938548 0.5713725 0 0.8206908 0.5713725 0 0.8206908 0.5713725 0 0.8206908 1.71913e-4 1 -2.69034e-6 2.32713e-4 1 1.64878e-4 0 1 0 -0.9058996 -0.2317501 -0.354454 0 1 0 0.0995832 -4.66477e-6 -0.9950293 0 -1 0 0 -1 0 -3.86633e-4 0.9999918 0.004034817 0 1 0 -0.06099778 0.2157715 0.9745367 -0.1239154 0.004146039 0.9922841 -0.09427231 -7.4649e-6 0.9955464 0.3924968 0 0.9197534 0.9793297 0 0.20227 0 1 0 0 1 0 0 -1 0 0 -1 0 0 -1 0 0 -1 0 0 -1 0 -0.80063 -5.59108e-4 -0.5991588 0 1 0 0 1 0 0 1 0 0 1 0 0 1 0 0.6245487 0 -0.7809859 -0.1087782 0 -0.994066 -0.1087782 -9.16139e-6 -0.994066 -0.5655503 1.78026e-6 -0.8247138 -0.5655502 3.80031e-6 -0.8247139 0 0 -1 0 4.60804e-6 -1 0 0 -1 0 4.60804e-6 -1 0.9396452 0 0.3421505 0 1 0 0 1 0 0.9571503 6.67224e-7 0.2895916 -0.8965028 0 0.4430382 0 -1 0 0 1 0 -0.8965028 -2.04154e-6 0.4430381 0 1 0 0 1 0 0.2403129 -0.0240643 -0.9703972 2.04845e-4 -0.9999996 9.02629e-4 0 1 0 0.2296803 0.003139376 -0.9732611 -0.8909448 -2.09256e-6 -0.4541114 -0.9524339 0 -0.3047455 0 -1 0 -0.3251791 0.01906341 -0.9454603 0 1 0 -0.3930634 -0.01908355 -0.9193133 -0.9918394 -0.01447784 0.1266694 -0.9793426 -0.128389 0.1562187 -0.327169 -0.09783875 -0.9398872 -0.7374862 -1.45786e-6 -0.6753622 -0.001400232 -0.9999982 -0.001282274 -0.7374862 0 -0.6753622 -0.9898459 -3.06839e-7 0.1421445 0 1 0 -2.04845e-4 0.9999996 -9.02629e-4 0 1 0 0 1 0 0 1 0 0 -1 0 -0.9898459 9.12249e-6 0.1421439 -0.9654761 0 0.2604918 0 -1 0 0 1 0 0 0 0 0 -1 0 -0.965476 0 0.2604917 0 1 0 0 -1 0 0 -1 0 0 1 0 0 -1 0 0 -1 0 0 1 0 0 -1 0 0 1 0 0 -1 0 0 1 0 0 1 0 0 0 0 0.883695 -0.001716792 -0.4680601 0.8714994 0 -0.4903966 0.8714994 0 -0.4903967 0.8830352 -0.002471804 -0.4693003 0 1 0 0.9892373 0 0.1463208 0 -1 0 0 1 0 0.9396452 -1.57664e-6 0.3421505 -0.952434 -1.40428e-6 -0.3047453 -0.890945 -1.96052e-6 -0.4541115 0.3319374 -0.04865765 -0.9420457 0.3600588 0.03452986 -0.9322903 0 1 0 0 1 0 -0.8339437 0 -0.5518495 -0.8339437 0 -0.5518495 -0.8339446 0 -0.5518482 0 1 0 0 -1 0 0 1 0 0 -1 0 -0.9622517 -0.1391535 -0.2338972 0 -1 0 -0.8086673 0 -0.5882664 0 1 0 0 -1 0 0 1 0 0 -1 0 0 -1 0 -0.9588255 0 -0.2839962 0 1 0 0 1 0 0 1 0 0 1 0 0 1 0 0 1 0 0 1 0 0 1 0 0 1 0 0 -1 0 1.97056e-6 1 -2.77484e-6 0 1 0 0 1 0 0 -1 0 0 1 0 0 1 0 0 1 0 0 1 0 0 1 0 0.3917655 0.06101536 0.9180397 -0.09427249 2.65577e-6 0.9955465 -0.1167753 0.008457839 0.9931223 -0.0670247 6.16346e-5 0.9977513 -5.89609e-5 -0.9999988 0.001565933 0.9793298 0 0.20227 0 -1 0 0.9686847 1.07195e-6 0.248294 0.8698943 0.0406717 0.4915586 0.1622869 -0.01236498 0.9866662 0.9686859 2.83863e-6 0.2482892 0.8970851 0.03929829 0.4401068 0.2510802 0 0.9679663 0 -1 0 0.002676248 -0.9999965 2.4272e-5 0.9815669 0.002148509 -0.191107 0 1 0 0.9802254 0.01674419 -0.1971749 0.6245487 0 -0.7809859 0 1 0 0 1 0 0.04326272 0 -0.9990638 0 -1 0 0 -1 0 0 -1 0 0 1 0 0.07075881 0 -0.9974934 0 -1 0 0.9571503 6.25124e-7 0.2895916 0.9885854 0 0.1506614 0 1 0 0.6309221 0 -0.7758461 0.6309221 0 -0.7758461 0 -1 0 0 1 0 0 1 0 0 1 0 0 -1 0 1.52622e-6 1 2.56756e-7 0 1 0 1.09876e-6 1 1.04131e-6 9.87614e-7 1 1.04066e-6 0 1 0 0 1 0 0 1 0 0 1 0 -1.24979e-6 1 1.53687e-6 -1.85411e-6 1 1.27514e-6 -1.68809e-6 1 1.47409e-6 -9.14356e-4 -0.9999892 -0.004568159 0 1 0 0 1 0 0 -1 0 0 1 0 0 -1 0 0 1 0 0 1 0 -1.91695e-6 1 3.31829e-7 0 -1 0 0 1 0 0 1 0 0 -1 0 0 1 0 0 1 0 0 -1 0 0 1 0 0 1 0 0 -1 0 0 -1 0 0 1 0 0 1 0 0 -1 0 0 -1 0 0 1 0 0 1 0 0 1 0 0 1 0 0 -1 0 0 1 0 0 1 0 -0.004484176 -0.9999863 0.002730667 0 -1 0 0 1 0 0 1 0 -2.54174e-6 1 -1.65821e-7 0.001980245 -0.9999957 0.002169549 0 1 0 1.11586e-6 1 1.02187e-6 -0.002471327 -0.9999969 -1.4575e-5 0 1 0 -0.6883794 0 -0.7253509 -0.6883794 0 -0.7253508 0 1 0 0 -1 0 0 1 0 0 1 0 0 -1 0 -0.9999362 0 0.01129865 -0.9432969 0.3304434 0.03159511 0 -1 0 0 1 0 0 -1 0 0 1 0 0 -1 0 0 1 0 0 1 0 0 1 0 0 1 0 0 1 0 0 1 0 0 1 0 0 -1 0 0 1 0 0 1 0 0 1 0 0 1 0 0 1 0 0 -1 0 0 1 0 0 -1 0 0 1 0 0 -1 0 0 -1 0 0 -1 0 0 -1 0 0 -1 0 0 -1 0 0 1 0 0 -1 0 0 1 0 0 1 0 0 1 0 0 1 0 0 -1 0 0 1 0 0 -1 0 0.4547576 0 -0.8906152 0 1 0 0.4547576 8.20798e-6 -0.8906153 0 1 0 0 1 0 0.7254978 0.001501321 0.6882228 0.626267 0 0.7796087 0.4752117 0.02952075 0.8793761 0.2730172 -0.02773499 0.9616093 -0.8361626 0.05879122 0.5453217 -0.9639499 0 -0.2660835 -0.9983493 0 -0.05743461 -0.9853463 0 0.1705661 -0.7777573 0 -0.6285647 -0.1766912 0 -0.9842664 0.1977095 0 -0.9802607 0.07695299 -0.05432927 -0.9955534 0.6327375 0.05320495 -0.7725365 -0.4343854 0 0.9007271 -0.5268751 0 0.8499426 -0.6264097 -0.04043173 0.7784447 -0.9896922 -0.1302257 0.05958753 -0.5312377 -0.2028701 -0.8225754 -0.4283521 0 -0.9036119 -0.542012 0 -0.8403708 0.9945573 -0.06957638 -0.07755702 0.9992331 0 0.03915697 0.4677747 -0.01039624 0.8837866 0.9397684 0.03887188 -0.3395943 -0.1574865 0 -0.9875211 0.7743012 0 0.6328172 -0.1766912 0 -0.9842663 0.999233 -1.80437e-7 0.03915697 -0.9983493 5.29321e-7 -0.05743449 -0.542012 0 -0.8403707 0.7978788 0 0.602818 0.9457005 0 -0.325039 -0.9853463 0 0.1705661 0.4739912 0 0.8805297 0.4169226 0 0.908942 -0.1382439 0 -0.9903983 -0.9983942 0 0.05664944 0.626267 0 0.7796087 -0.5268751 0 0.8499427 0.9976583 0 -0.06839597 -0.9639499 0 -0.266084 -0.4395474 0 -0.8982194 0.1977095 0 -0.9802607 0.06887137 0 -0.9976256 -0.7777573 0 -0.6285647 -0.8614453 -2.34019e-6 0.5078503 0.7254971 -3.17137e-6 0.6882251 -0.4343854 0 0.9007272 -0.6376631 0 0.7703154 -0.5371889 7.77341e-6 -0.843462 0.2471487 -4.46508e-6 0.9689776 0.6574633 0 -0.7534866 -0.001086711 0.9999994 -7.53672e-5 0 1 0 0.2493487 0 -0.9684138 -0.1591855 0 0.9872487 5.13181e-5 -0.9999656 0.008305132 1.61199e-4 0.9999988 -0.001550972 -0.9894671 -9.99502e-4 -0.1447544 0.9894674 0 0.144756 4.08309e-4 0.9999661 -0.008230209 0.001086831 -0.9999994 7.53748e-5 -0.002669036 -0.9180507 -0.3964539 -0.004469692 0 -0.9999901 0 1 0 0.9952881 0.09693455 0.002308785 0 0.8482034 -0.5296708 0 -1 0 -3.79782e-4 -0.004356265 0.9999905 0.9999192 0 0.01271229 -0.2601392 0 -0.9655711 -0.003360569 0.8391613 -0.5438721 0.02209603 -0.8950648 -0.4453881 -0.001086771 0.9999994 -7.53729e-5 0.001155555 0.9999993 8.01431e-5 4.08309e-4 0.9999661 -0.008230209 -0.002668976 -0.9180508 -0.3964539 0 1 0 -2.46012e-4 -0.004343986 0.9999905 -0.2510085 0 -0.9679849 0.02209597 -0.8950654 -0.4453871 0.9952909 0.09693235 1.17599e-4 0.9999192 0 0.01271033 1.25056e-4 0.9999992 -0.001203238 0.9896318 0 0.1436275 0.2420109 0 -0.9702736 -0.006116271 0 -0.9999812 -0.9896227 0 -0.143691 0.9778037 -0.003672778 0.2094914 0.9188478 0 0.3946121 0.3292206 0.0875886 0.940182 0.9670778 -2.13702e-7 0.2544812 -0.2482899 -8.98497e-6 0.9686858 0.9188472 -2.07318e-7 0.3946134 0.3410811 -7.8194e-7 0.9400339 0.3410813 0 0.9400338 0.9670777 0 0.2544812 0.9188473 -1.70365e-6 0.3946132 0.09538501 0 -0.9954404 -0.9772444 -0.02358031 -0.2108017 -0.9717058 1.86374e-6 -0.2361943 -0.7951621 0.2185893 -0.5656288 -0.06987881 0 0.9975555 -0.12284 0 0.9924265 0.5713726 0 0.8206909 -0.391713 -0.004123449 0.9200782 0.7949905 0 0.6066219 0.7276092 0 -0.685992 -0.9772787 0 -0.2119584 0.5211442 0.003976047 -0.8534593 0.9188473 0 0.3946134 -0.06987881 0 0.9975556 -0.9686859 -9.69736e-7 -0.2482895 0.9782427 -2.67529e-7 0.2074638 -0.9787805 0 -0.2049117 0.3410822 -3.61577e-6 0.9400334 0.7253856 0 -0.6883428 -0.1227297 0 0.9924401 -0.9987933 0 -0.04911088 -0.9989333 0 -0.04617673 -0.06822597 0.006249725 0.9976503 0.08655929 -1.86282e-6 -0.9962468 0 -1 0 0 -1 0 0 -1 0 -0.03931289 5.29216e-6 -0.999227 0.09538698 0 -0.9954403 -0.06783264 -0.004149615 0.9976881 0.9806317 0.02725005 0.1939558 0.9794179 5.23954e-4 0.2018424 -0.1333427 0 0.99107 -0.06822735 0 0.9976698 0.127148 0 -0.9918838 -0.06796652 -0.0038383 0.9976802 0 -1 0 0.08080804 0 -0.9967296 0 -1 0 0.125836 0 -0.9920511 0 -1 0 0.1286975 -1.94993e-4 -0.9916839 -0.1331048 -0.002178013 0.9910995 -0.1333415 0.004247903 0.991061 -0.1329835 0.001783192 0.9911167 -0.122412 -0.002179265 0.9924769 0 -1 0 -0.1227296 -4.28477e-6 0.9924401 0.1196257 -0.01088124 -0.9927594 0.3359916 4.06629e-6 -0.9418651 -0.3925294 0 0.9197395 0.952587 0 -0.3042663 -0.9698066 0.01152127 0.2436032 -0.2482901 -4.20902e-6 0.9686858 -0.4966323 0 0.8679611 -0.3925294 0 0.9197396 0.3187602 0 -0.9478353 -0.496631 0 0.8679618 -0.4966309 -1.92725e-7 0.8679618 0.9551061 -0.004714012 -0.2962264 0.5267062 0 -0.8500475 0.9670777 0 0.2544816 0.5175499 0 -0.855653 0.2482891 0 -0.9686859 0.9670777 0 0.2544812 -0.2458931 0 0.969297 0.3359913 0 -0.941865 -0.2458931 -2.44295e-4 0.9692969 0.5356009 5.20453e-7 -0.8444712 -0.8490663 3.00568e-4 0.5282863 0.346887 0.01081073 -0.9378447 -0.496631 0 0.8679618 0.3187982 0 -0.9478226 -0.2482893 0 0.968686 -0.8487437 0.02701765 0.5281139 -0.393135 0 -0.9194808 -0.3048148 -0.007645487 -0.952381 -0.3275837 0 -0.9448222 0.954984 -6.46414e-7 -0.2966575 0.9549845 -4.12293e-6 -0.2966558 -0.9686858 2.18563e-7 -0.2482899 -2.02314e-5 -1 -5.77765e-5 -0.3917136 0.003727316 0.9200795 -0.3287466 0 -0.9444181 -0.3287463 0 -0.9444183 -0.3287466 5.30579e-7 -0.9444183 0.2482894 0 -0.9686859 -1.35677e-4 -1 2.35096e-4 0.01566928 -0.007815539 0.9998468 -0.7956428 -0.06767088 -0.6019745 -0.8490664 0 0.5282863 0.7923597 0.01724779 0.6098104 -0.2459166 0 0.969291 0.9780865 0.05857127 0.1997904 0 1 0 0.2482891 0 -0.9686859 -0.9787805 0 -0.2049112 -0.005114734 -0.9999776 -0.00432527 -0.2458931 0 0.969297 0.981765 -0.0246312 0.1884964 -0.8508173 -0.005990862 0.5254274 -0.3257718 0.01819294 -0.9452733 -0.9383624 0.001106858 -0.3456513 -6.14398e-5 -1 -1.61675e-5 0.2482894 0 -0.968686 0.3188287 3.2606e-4 -0.9478123 -0.01083415 -0.9999305 -0.004652857 0.9785509 -0.02500528 0.2044821 0.611225 0 0.7914569 0.6112247 0 0.7914572 -0.07361692 0.008497297 0.9972504 1.63925e-4 -1 -1.79401e-4 -0.06987881 0 0.9975555 0.09958249 -0.003763377 -0.9950222 0.9657164 3.77213e-7 0.2595995 0.9657165 0 0.2595993 0.6059639 0.02925771 0.7949539 -0.9960061 0.02988094 0.08413618 0.6112247 0 0.7914571 -0.907441 -0.00116074 -0.4201778 -0.9296661 -3.36209e-7 -0.3684034 -0.9035809 -1.81869e-5 -0.4284177 0.1183031 0.07682895 -0.9900009 0.1186527 0 -0.9929358 0.1186527 5.00198e-7 -0.9929358 0.1186537 3.6489e-6 -0.9929358 0.9649671 0.01824754 0.2617355 -0.995807 4.21391e-4 0.09147799 0.9657165 0 0.2595993 0.0181263 0 0.9998357 0.018332 2.0554e-4 0.9998319 0.01832801 0.02085 0.9996145 0.9916238 1.30322e-7 0.1291598 -0.9897193 0 -0.1430238 0.9907556 0 0.1356587 -0.9899284 0 -0.141569 0.9963349 0 0.08553904 -0.9977833 0 -0.06654876 0.9982887 -1.18912e-5 0.05847716 -0.9967147 0.01572382 0.07945245 -0.9943566 -0.05395412 0.09134471 0.7913084 -9.08895e-7 0.6114174 0.7889873 0 0.6144097 -0.005674779 -0.9998936 -0.01344609 -0.9698709 0 0.2436193 -0.9704223 -4.34239e-7 0.2414138 -0.9703165 -0.01476609 0.2413875 0.3261936 0 -0.9453031 0.7296988 0.02891939 -0.6831567 -0.2482893 2.1997e-7 0.9686859 0.9983034 -3.52817e-5 0.05822741 -0.9977915 3.19022e-5 -0.06642282 0.9963431 0 0.08544296 0.9900795 0 0.1405088 -0.9899247 0 -0.1415947 -0.9897167 0 -0.143041 0.9916238 0 0.1291596 0.9916236 0 0.1291611 0.9907521 -2.19157e-4 0.1356845 -0.9897158 0.003247141 -0.1430107 -0.9899263 0.00203526 -0.1415687 0.9963349 -4.17598e-5 0.08553802 -0.997848 -6.42774e-4 -0.06556767 0.9983837 -4.79381e-5 0.05683422 -0.9977916 -3.52954e-5 -0.06642282 -0.9899268 -6.23471e-5 -0.1415801 -0.989718 -3.65904e-5 -0.1430328 0.9916236 -5.57621e-7 0.1291604 0.9900807 4.10917e-5 0.1404994 0.9963415 3.9706e-5 0.0854609 0.9983034 1.12311e-4 0.05822557 0 1 0 -0.9914634 0.001243293 -0.1303798 -0.9881064 -0.07755678 -0.1327806 -0.9921431 0 -0.1251082 -0.9921431 0 -0.1251081 -0.03612804 -0.005125463 -0.999334 1.94153e-5 -1 -1.62474e-4 0.7300032 -0.001675248 -0.6834417 -0.9265619 0.1278475 -0.3537486 -0.938022 0 -0.3465759 -0.929666 3.78954e-7 -0.3684033 -0.9270563 -4.27191e-6 -0.3749221 0.9738516 -0.100871 0.2035632 0.9031215 -0.001411378 0.429383 0.9033035 0 0.4290022 0.8968003 -0.03913801 0.440701 3.49756e-5 -1 -1.90394e-4 2.8018e-7 -1 -2.84162e-7 0 -1 0 1.43818e-7 -1 -7.87872e-7 0.9077123 0 0.4195929 -0.7248229 0 -0.6889353 -0.7249823 -0.002346277 -0.6887636 0.5713725 0 0.8206908 0.5713725 0 0.8206908 0.5713726 0 0.8206908 1.65047e-4 -1 1.72688e-4 0 -1 0 -0.9368077 3.22419e-6 -0.3498447 0 -1 0 0.09958153 0 -0.9950295 0 1 0 0 1 0 -0.002471625 -0.9999953 0.001874208 -0.1549661 3.42763e-5 0.9879198 -0.07808363 -0.1347158 0.9878029 -0.09426802 -5.33008e-6 0.9955468 0.3924968 0 0.9197534 0.9793297 0 0.20227 0 -1 0 0 1 0 -0.794559 0.004206597 -0.6071725 0 -1 0 0.6245487 0 -0.7809859 -0.1087782 0 -0.994066 -0.1087782 9.22844e-6 -0.994066 -0.5655502 0 -0.824714 -0.5655502 -3.59275e-6 -0.8247139 0 0 -1 0 -4.60804e-6 -1 0 0 -1 0 -4.60804e-6 -1 0.9396452 -7.38579e-7 0.3421505 0 -1 0 0.9571503 0 0.2895916 -0.8965028 0 0.4430382 0 1 0 0 -1 0 -0.8965028 0 0.4430382 0.236864 0 -0.9715428 0 1 0 0 -1 0 0.2296803 -0.003139257 -0.9732611 -0.8909448 0 -0.4541116 -0.9524339 0 -0.3047455 -0.3219957 0 -0.9467411 -0.3930634 0.01908355 -0.9193133 -0.9848023 -0.09317916 0.1465675 -0.9793426 0.128389 0.1562187 -0.327169 0.09783875 -0.9398872 -0.7374862 1.54621e-6 -0.6753622 -0.7374862 0 -0.6753622 -0.9898459 0 0.1421445 0 -1 0 -2.04845e-4 -0.9999996 -9.02629e-4 0 -1 0 0 -1 0 0 -1 0 -0.9898459 -9.015e-6 0.1421439 -0.9654761 5.62307e-7 0.2604917 0 -1 0 0 -1 0 0 1 0 -0.9654759 -8.8979e-6 0.2604922 0 -1 0 0 -1 0 0 1 0 0 1 0 0 1 0 0 -1 0 0 -1 0 0 -1 0 0.883695 0.001716613 -0.4680601 0.8714994 0 -0.4903966 0.8714994 0 -0.4903967 0.8830352 0.002471327 -0.4693003 0 -1 0 0.9892373 0 0.1463208 0 -1 0 0.9396452 2.07177e-6 0.3421505 -0.952434 1.50228e-6 -0.3047453 -0.890945 1.8784e-6 -0.4541115 0.3556621 0 -0.9346147 0.3600588 -0.03452986 -0.9322903 0 -1 0 0 -1 0 -0.907899 -5.48268e-6 -0.4191889 -0.9296655 3.25661e-6 -0.3684051 -0.8339437 0 -0.5518495 -0.8339446 0 -0.5518482 0 -1 0 0 1 0 0 -1 0 -0.9746152 0 -0.2238864 0 1 0 -0.8086673 0 -0.5882664 -0.9588254 0 -0.2839962 0 -1 0 0 -1 0 0 -1 0 0 0 0 0 -1 0 0 -1 0 0 -1 0 0 -1 0 0 1 0 0 1 0 0.3917655 -0.06101536 0.9180397 -0.09426987 9.46801e-7 0.9955467 -0.1052115 0.007414579 0.9944222 -0.0670247 -6.16346e-5 0.9977513 -5.89538e-5 0.9999988 0.001565933 0.9793298 0 0.20227 0 1 0 0.9686856 -3.88072e-6 0.2482907 0.8698943 -0.0406717 0.4915586 0.2973835 -0.1067857 0.9487676 0.9686859 -2.28825e-6 0.2482895 0.8914569 0 0.4531057 0.2510802 0 0.9679663 0 1 0 0.9817089 0 -0.1903882 0.9808864 0 -0.194581 0.6245487 0 -0.7809859 0.05232548 0.02475684 -0.9983232 0.07075881 0 -0.9974934 0.9571502 0 0.2895917 0.9885854 0 0.1506614 0.6309221 0 -0.7758461 0.6309221 0 -0.7758461 0 1 0 0 -1 0 0 1 0 0 1 0 5.49379e-7 -1 5.20656e-7 4.45275e-7 -1 5.87434e-7 0 -1 0 0 -1 0 -9.14356e-4 0.9999892 -0.004568159 0 -1 0 0 -1 0 -9.58474e-7 -1 1.65914e-7 0 -1 0 1.41088e-7 -1 -1.10389e-6 -4.95486e-7 -1 -1.24713e-7 0 -1 0 0 -1 0 0 -1 0 -0.004484176 0.9999863 0.002730667 0 -1 0 0.001980245 0.9999957 0.002169549 -0.002471327 0.9999969 -1.4575e-5 0 -1 0 -0.6883798 -3.34244e-6 -0.7253506 -0.6883797 -1.56577e-6 -0.7253505 -0.999965 0 0.008358359 -0.9985045 0 0.054668 -0.9974982 -0.06833583 0.01810055 -0.9960968 -0.06152915 0.06328791 -0.9946255 0.08201688 0.06319409 -0.9432969 -0.3304433 0.03159511 0 -1 0 -2.04964e-4 -0.9999996 -9.03154e-4 0 1 0 7.21444e-4 -0.9999997 -5.03879e-4 0 1 0 0.4547576 0 -0.8906152 0 -1 0 0.4547576 -7.73362e-6 -0.8906153 0.7258265 0 0.6878779 0.626267 0 0.7796087 0.4832234 0 0.8754971 0.2730172 0.02773493 0.9616093 -0.8648407 0 0.5020464 -0.9639499 0 -0.2660835 -0.9983493 0 -0.05743461 -0.9853463 0 0.1705661 -0.7777573 0 -0.6285647 -0.1766912 0 -0.9842664 0.1977095 0 -0.9802607 0.06251186 0 -0.9980443 0.6575833 0 -0.7533818 -0.4343854 0 0.9007271 -0.5268751 0 0.8499426 -0.6346071 0 0.7728348 -0.9986305 0 -0.05231887 -0.6386899 0.002787888 -0.7694593 -0.4283521 0 -0.9036119 -0.542012 0 -0.8403708 0.9945573 0.06957638 -0.07755702 0.9992331 0 0.03915697 0.4677747 0.01039624 0.8837866 0.9556807 0.06685668 -0.2867135 -0.1574865 0 -0.9875211 0.7743012 0 0.6328172 -0.1766912 0 -0.9842663 0.9992331 0 0.03915697 -0.9983493 -5.29321e-7 -0.05743449 -0.542012 0 -0.8403707 0.7978788 0 0.602818 0.9457005 0 -0.325039 -0.9853463 0 0.1705661 0.4739912 0 0.8805297 0.4169243 4.24047e-6 0.9089413 -0.1382439 0 -0.9903983 -0.9983942 0 0.05664944 0.626267 0 0.7796087 -0.5268751 0 0.8499427 0.9976583 0 -0.06839597 -0.9639499 0 -0.266084 -0.4395474 0 -0.8982194 0.1977095 0 -0.9802607 0.06887137 0 -0.9976256 -0.7777573 0 -0.6285647 -0.8614454 2.34019e-6 0.5078504 0.7254969 0 0.6882255 -0.4343854 0 0.900727 -0.6376631 0 0.7703154 -0.5371889 -7.77341e-6 -0.843462 0.2471487 4.42475e-6 0.9689776 0.6574633 0 -0.7534866 -8.85731e-4 -0.9999639 -0.008441209 0 -1 0 0.2493487 0 -0.9684138 -0.1591855 0 0.9872487 -3.24474e-4 0.9999628 0.008617758 1.6121e-4 -0.9999988 -0.001551091 -0.9894671 9.9959e-4 -0.1447544 0.9894675 0 0.144756 4.0831e-4 -0.9999661 -0.008230209 0.001086831 0.9999994 7.53693e-5 -0.002668976 0.9180508 -0.396454 -0.004469692 0 -0.99999 0 -1 0 0.995817 -0.09134745 -0.00206536 -0.003621518 -0.9395603 -0.3423643 0 1 0 -3.79782e-4 0.004356265 0.9999905 0.9999192 0 0.01271229 -0.2459679 0.02395564 -0.968982 -8.85703e-4 -0.999964 -0.008441209 0.001155555 -0.9999994 8.01425e-5 4.08309e-4 -0.9999661 -0.008230209 -0.002668976 0.9180507 -0.3964539 0 -1 0 -2.46012e-4 0.004343986 0.9999905 -0.2510085 0 -0.9679849 0.995817 -0.09134745 -0.00206536 0.9999192 0 0.01271033 1.25057e-4 -0.9999993 -0.001203238 0.98821 0.05016899 0.1446511 0.2420109 0 -0.9702736 -0.006116271 0 -0.9999814 -0.989628 0.002282559 -0.1436355 0.9778037 0.003672659 0.2094914 0.9188478 0 0.3946121 0.3292206 -0.08758854 0.940182 0.9670776 4.364e-7 0.2544816 -0.2482899 8.92748e-6 0.9686858 0.9188472 2.1276e-7 0.3946134 0.3410822 2.30873e-7 0.9400334 0.3410811 1.47254e-6 0.9400339 0.9670777 0 0.2544812 0.9188473 1.87895e-6 0.3946132 0.09538501 0 -0.9954404 -0.9772444 0.02358037 -0.2108017 -0.9717059 0 -0.2361944 -0.795162 -0.2185897 -0.5656288 -0.06987881 0 0.9975555 -0.1227294 -0.001793503 0.9924385 0.5713726 0 0.8206909 -0.391713 0.004123449 0.9200782 0.7949905 0 0.6066219 0.7276092 0 -0.685992 -0.9772787 0 -0.2119584 0.521958 0 -0.8529711 0.9188474 -1.53956e-6 0.3946132 -0.06987881 0 0.9975556 -0.9686859 0 -0.2482894 0.9782427 2.63489e-7 0.2074638 -0.9787805 0 -0.2049117 0.3410824 0 0.9400334 0.727609 7.26585e-4 -0.6859917 -0.1227297 0 0.9924401 -0.9987933 0 -0.04911088 -0.9989333 0 -0.04617673 -0.06822597 -0.006249725 0.9976503 0.08655929 1.86288e-6 -0.9962468 0 1 0 0 1 0 0 1 0 -0.03931289 -5.27899e-6 -0.999227 0.09538698 0 -0.9954403 -0.06822347 0.01060765 0.9976136 0.9794169 0.001530647 0.2018423 0.9794179 -5.23952e-4 0.2018424 -0.1333427 0 0.99107 -0.06822735 0 0.9976698 0.127148 0 -0.9918838 -0.06822681 0.005647778 0.9976539 0 1 0 0.08080857 -3.8859e-6 -0.9967296 0 1 0 0.125836 0 -0.9920511 0 1 0 0.1228977 0.002484142 -0.9924162 -0.1333423 0.003842651 0.9910627 -0.1333415 -0.004247963 0.991061 -0.1333415 0.004143655 0.9910615 -0.122412 0.002179265 0.9924769 0 1 0 -0.1224119 -0.002411544 0.9924765 0.1212281 0 -0.9926247 0.3359916 -4.05978e-6 -0.941865 -0.3917009 -0.008805692 0.9200506 0.9485293 -0.0453512 -0.3134253 -0.9704219 0 0.2414155 -0.2482893 0 0.9686859 -0.4966323 0 0.8679611 -0.3925294 0 0.9197396 0.3187982 -1.92428e-4 -0.9478226 -0.496631 0 0.8679618 -0.4966323 5.59237e-7 0.8679611 0.954984 0 -0.2966574 0.5267062 0 -0.8500475 0.9670777 0 0.2544816 0.5175499 0 -0.855653 0.2482891 0 -0.9686859 0.9670777 0 0.2544812 -0.2458931 0 0.969297 0.3359913 0 -0.941865 -0.2458931 2.44271e-4 0.9692969 0.5356009 -5.18165e-7 -0.8444712 -0.8389381 -0.004835724 0.5442054 0.3491244 3.65596e-6 -0.9370763 -0.496631 0 0.8679618 0.3187982 0 -0.9478226 -0.2482893 0 0.968686 -0.8487437 -0.02701765 0.5281139 -0.327576 0.007817149 -0.9447926 -0.3275837 0 -0.9448222 0.954984 6.47435e-7 -0.2966575 -0.3048148 0.007645487 -0.952381 0.9549845 4.21203e-6 -0.2966558 -0.9686858 -2.13707e-7 -0.2482899 -2.02314e-5 1 -5.77765e-5 -0.3925297 0 0.9197394 -0.3287467 0 -0.9444182 -0.3287462 0 -0.9444183 0.3187602 0 -0.9478353 0.2482894 0 -0.9686859 -1.35409e-4 0.9999999 2.35075e-4 0.01566928 0.007815539 0.9998467 -0.7956427 0.06767106 -0.6019745 -0.8490664 0 0.5282863 0.7913083 0 0.6114173 -0.2459166 0 0.969291 0.9786164 -0.02216881 0.2044958 0 -1 0 0.2482891 0 -0.9686859 -0.9787805 0 -0.2049112 -4.73735e-5 1 4.80608e-7 -0.2458931 0 0.9692969 0.9800982 0.0427733 0.1938503 -0.8490241 -0.008348286 0.5282883 -0.3243991 0 -0.9459204 -0.9383057 0 -0.3458067 -6.18577e-5 1 -1.62775e-5 0.2482894 0 -0.968686 0.3188287 -3.25885e-4 -0.9478123 -0.0101971 0.9999409 -0.003756165 0.9785509 0.02500528 0.2044821 0.611225 0 0.7914569 0.6112247 0 0.7914572 -0.07361692 -0.008497357 0.9972504 4.23472e-4 0.9999999 5.33993e-5 -0.06987881 0 0.9975554 0.0900973 0.00219047 -0.9959305 0.9657164 -3.781e-7 0.2595995 0.9657165 0 0.2595993 0.605964 -0.02925777 0.7949539 -0.9960061 -0.02988088 0.08413618 0.6112247 0 0.7914572 -0.907441 0.00116074 -0.4201778 -0.9296661 3.36396e-7 -0.3684034 -0.9035809 1.81842e-5 -0.4284177 0.1275054 -5.8755e-7 -0.9918379 0.1186527 0 -0.9929358 0.1186527 -5.01611e-7 -0.9929358 0.1186537 -3.65003e-6 -0.9929358 0.9649671 -0.01824772 0.2617355 -0.9951678 0.001078188 0.09818261 0.9657164 0 0.2595992 0.0181263 0 0.9998357 0.01877427 -2.03413e-5 0.9998238 0.01566976 4.70106e-4 0.9998771 0.9916236 0 0.1291604 -0.9897193 0 -0.1430238 0.9907556 0 0.1356587 -0.9899284 0 -0.141569 0.9963349 0 0.08553904 -0.9977833 0 -0.06654876 0.998292 -1.2097e-6 0.05842047 -0.9967147 -0.01572382 0.07945245 -0.9943566 0.05395418 0.09134471 0.7913084 9.06979e-7 0.6114174 0.7915784 0.04762434 0.609209 -0.005675017 0.9998936 -0.01344668 -0.9698709 0 0.2436193 -0.9704219 0 0.2414155 -0.9700912 -8.94043e-6 0.2427407 0.3261936 0 -0.9453031 0.7296989 -0.02891933 -0.6831567 -0.2482899 0 0.9686858 0.9983033 3.52848e-5 0.05822741 -0.9977909 -2.59177e-7 -0.06643086 0.9963431 0 0.08544296 0.9900795 0 0.1405088 -0.9899247 0 -0.1415947 -0.9897167 0 -0.143041 0.9916239 -1.0544e-6 0.1291593 0.9916236 0 0.1291611 0.9907556 -2.09052e-5 0.1356588 -0.98967 2.698e-5 -0.1433639 -0.9898973 -6.27854e-5 -0.1417863 0.9963349 4.17547e-5 0.08553802 -0.9978531 -5.43784e-5 -0.06549274 0.9983837 4.7917e-5 0.05683422 -0.9977915 3.53024e-5 -0.06642282 -0.9899268 6.23764e-5 -0.1415801 -0.989718 3.66106e-5 -0.1430328 0.9916238 5.17671e-6 0.1291593 0.9900807 -4.11052e-5 0.1404994 0.9963439 7.58705e-5 0.08543378 0.9983034 -1.12307e-4 0.05822557 0 -1 0 -0.9921431 0 -0.1251082 -0.9901365 0.05151951 -0.1302899 -0.9921431 0 -0.1251082 -0.9921431 0 -0.1251081 -0.02484351 -1.42158e-6 -0.9996913 8.35874e-5 1 -2.09967e-4 0.7297124 0 -0.6837542 -0.9265618 -0.1278475 -0.3537487 -0.938022 0 -0.3465757 -0.929666 -3.78954e-7 -0.3684034 0 -1 0 -0.9270563 4.27314e-6 -0.3749221 0.9783184 0.05811882 0.1987848 0.9033035 0 0.4290022 0.9033035 0 0.4290022 0.9031223 0 0.4293834 1.19555e-4 1 5.47532e-5 1.43818e-7 1 -7.87872e-7 0 1 0 2.8018e-7 1 -2.84162e-7 0.8982028 0.09303534 0.4296232 -0.7258009 0.008438646 -0.687853 -0.7249823 0.002346217 -0.6887636 0.5713725 0 0.8206908 0.5713725 0 0.8206908 0.5713725 0 0.8206908 1.65464e-4 1 1.73085e-4 0 1 0 -0.9368078 -3.27092e-6 -0.3498446 0 1 0 0.09958153 0 -0.9950295 0 -1 0 0 -1 0 -0.002471625 0.9999953 0.001874208 -0.1549661 -3.42769e-5 0.9879198 -0.07808363 0.1347158 0.9878029 -0.09426796 5.31904e-6 0.9955468 0.4012306 0.09017586 0.9115274 0.9793298 0 0.20227 0 1 0 0 -1 0 -0.794559 -0.004206597 -0.6071724 0 1 0 0.6245487 0 -0.7809859 -0.1087782 0 -0.994066 -0.1087776 0 -0.9940661 -0.5655502 0 -0.824714 -0.5655507 -7.60062e-6 -0.8247135 0 0 -1 0 4.60804e-6 -1 0 0 -1 0 4.60804e-6 -1 0.9396452 9.70523e-7 0.3421505 0 1 0 0.9571503 0 0.2895916 -0.8965028 0 0.4430382 0 -1 0 0 1 0 -0.8965028 0 0.4430382 0.236864 0 -0.9715428 0 -1 0 0 1 0 0.2294662 8.97016e-6 -0.9733166 -0.8909448 0 -0.4541116 -0.9524339 -1.31567e-6 -0.3047453 -0.3219957 0 -0.9467411 -0.4046077 0.03957194 -0.9136338 -0.9848024 0.09317922 0.1465675 -0.9880412 -0.07363754 0.1354702 -0.3259295 -0.100436 -0.9400439 -0.7374861 0 -0.6753624 -0.7374862 0 -0.6753622 -0.9898459 0 0.1421445 0 1 0 0 1 0 0 1 0 0 1 0 0 1 0 -0.9863296 -0.0747689 0.1468452 -0.9654761 -6.98668e-7 0.2604917 0 1 0 0 0 0 0 -1 0 -0.9654759 8.94867e-6 0.2604922 0 0 0 0 1 0 0 -1 0 0 -1 0 0 -1 0 0 1 0 0 1 0 0 1 0 0.8838019 0 -0.4678613 0.8714994 0 -0.4903966 0.8714994 2.25977e-6 -0.4903966 0.8831093 0 -0.4691673 0 1 0 0.9891245 0.002165019 0.1470649 0 1 0 0.9396452 7.88321e-7 0.3421505 -0.9524338 1.40428e-6 -0.3047454 -0.8909448 -9.80263e-7 -0.4541115 0.3556621 0 -0.9346147 0.3679706 0 -0.9298374 0 1 0 0 1 0 -0.9096735 -0.009936034 -0.4152052 -0.9296653 -3.25662e-6 -0.368405 -0.907899 5.45544e-6 -0.4191889 -0.8339446 0 -0.5518482 0 1 0 0 -1 0 0 1 0 -0.9746152 0 -0.2238864 0 -1 0 -0.808331 0.003800868 -0.588716 -0.9588254 0 -0.2839962 0 1 0 3.05482e-7 1 1.73491e-7 0 1 0 0 0 0 0 1 0 0 1 0 0 1 0 0 1 0 0 -1 0 0 -1 0 0.3696053 -0.03082454 0.9286774 -0.09426987 -9.49675e-7 0.9955466 -0.1052115 -0.007414579 0.9944222 -0.07186198 -0.005245923 0.9974008 -5.8955e-5 -0.9999988 0.001565933 0.9793298 0 0.20227 0 -1 0 0.9686857 3.87798e-6 0.2482907 0.88508 0 0.465439 0.2973835 0.1067857 0.9487676 0.9686859 2.29173e-6 0.2482895 0.8914569 0 0.4531057 0.2718046 -0.04208523 0.9614318 0 -1 0 0.9817089 0 -0.1903882 0.9808864 0 -0.194581 0.6245489 3.59881e-6 -0.7809857 0.05232548 -0.02475684 -0.9983232 0.07130932 0.003217339 -0.9974491 0.9571502 0 0.2895917 0.9880271 0.01687747 0.1533545 0.6309221 0 -0.7758461 0.6309221 0 -0.7758461 0 -1 0 0 1 0 0 -1 0 0 -1 0 0 -1 0 8.9055e-7 1 1.17487e-6 0 1 0 0 1 0 -0.005251467 -0.9999859 -7.7676e-4 0 1 0 0 1 0 -1.86498e-6 1 3.63105e-7 0 1 0 2.82177e-7 1 -2.20778e-6 -9.90973e-7 1 -2.49426e-7 2.69748e-7 1 -2.2386e-6 0 1 0 0 1 0 -0.001271307 -0.9999992 -6.09025e-5 0 1 0 3.21385e-4 -1 -1.65002e-4 0 -1 0 0 1 0 -0.6883798 3.39709e-6 -0.7253506 -0.6883797 1.59137e-6 -0.7253505 -0.999965 0 0.008358359 -0.9985045 0 0.054668 -0.9974982 0.06833583 0.01810055 -0.9960968 0.06152915 0.06328791 -0.9946255 -0.08201694 0.06319409 0 -1 0 0 1 0 -2.04964e-4 0.9999996 -9.03154e-4 0 -1 0 7.21445e-4 0.9999997 -5.03879e-4 -7.21444e-4 -0.9999997 5.03879e-4 0.4547576 0 -0.8906152 7.21864e-4 0.9999997 -5.04172e-4 0.4547569 0 -0.8906156 0.7258265 0 0.6878778 0.626267 0 0.7796087 0.4832234 0 0.8754971 0.2592409 -0.05168318 0.9644288 -0.8648407 0 0.5020464 -0.9639499 0 -0.2660835 -0.9983494 0 -0.05743461 -0.9853463 0 0.1705661 -0.7777573 0 -0.6285647 -0.1766912 0 -0.9842664 0.1977095 0 -0.9802607 0.06251186 0 -0.9980443 0.6575833 0 -0.7533818 -0.4343854 0 0.9007271 -0.5268751 0 0.8499428 -0.6346071 0 0.7728348 -0.9986305 0 -0.05231887 -0.6386898 -0.002787888 -0.7694593 -0.4289698 0.002674639 -0.9033149 -0.542012 0 -0.8403708 0.997875 0 -0.0651561 0.9992331 0 0.03915697 0.4581462 0 0.8888769 0.9556807 -0.06685668 -0.2867135 -0.09631299 -0.09040725 -0.9912368 0.7778899 -0.008557558 0.6283425 -0.1766912 0 -0.9842663 0.9992331 0 0.03915697 -0.9983493 0 -0.05743461 -0.542012 0 -0.8403707 0.7978788 0 0.602818 0.9457005 0 -0.325039 -0.9853463 0 0.1705661 0.4739912 0 0.8805297 0.4169243 -4.18844e-6 0.9089413 -0.1382439 0 -0.9903983 -0.9983941 -5.21765e-7 0.05664926 0.626267 0 0.7796087 -0.5268751 0 0.8499428 0.9976583 0 -0.06839597 -0.96395 2.35212e-6 -0.2660835 -0.4395474 0 -0.8982194 0.1977095 0 -0.9802607 0.06887137 0 -0.9976256 -0.7777573 0 -0.6285647 -0.8614448 0 0.5078511 0.7254969 0 0.6882255 -0.4343854 0 0.900727 -0.6376631 0 0.7703154 -0.5371873 0 -0.8434628 0.2471487 -4.46508e-6 0.9689776 0.6574633 0 -0.7534866 -8.85674e-4 0.9999639 -0.008441209 0 1 0 0.2493487 0 -0.9684138 -0.1591855 0 0.9872487 -3.24474e-4 -0.9999628 0.008617758 1.61199e-4 0.9999988 -0.001550972 -0.9894672 -0.001000106 -0.1447544 0.9894674 0 0.144756 8.94914e-4 0.9999625 -0.008610486 8.71943e-4 -0.9999639 0.008438944 0 -0.8373695 -0.5466374 -0.006052196 -0.06249225 -0.9980272 0 1 0 0.995817 0.09134745 -0.00206542 -0.003621518 0.9395603 -0.3423643 0 -1 0 -1.12228e-4 -0.01102155 0.9999392 0.9999192 0 0.01271229 -0.2459679 -0.02395564 -0.9689819 -8.85702e-4 0.9999639 -0.008441209 0.001165032 0.9999994 2.69281e-4 8.94916e-4 0.9999626 -0.008610486 0 -0.8373702 -0.5466361 0 1 0 -1.12228e-4 -0.01102155 0.9999392 -0.2563609 -0.02496719 -0.9662586 0.995817 0.09134745 -0.00206536 0.9999192 0 0.01271033 0.007342934 0.9999729 -5.00335e-4 0.9882101 -0.05016893 0.1446511 0.2420109 0 -0.9702734 -0.006116271 0 -0.9999814 -0.9896281 -0.00228244 -0.1436355</float_array>
          <technique_common>
            <accessor source="#Cube_002-mesh-normals-array" count="2078" stride="3">
              <param name="X" type="float"/>
              <param name="Y" type="float"/>
              <param name="Z" type="float"/>
            </accessor>
          </technique_common>
        </source>
        <vertices id="Cube_002-mesh-vertices">
          <input semantic="POSITION" source="#Cube_002-mesh-positions"/>
        </vertices>
        <polylist material="Wood-material" count="902">
          <input semantic="VERTEX" source="#Cube_002-mesh-vertices" offset="0"/>
          <input semantic="NORMAL" source="#Cube_002-mesh-normals" offset="1"/>
          <vcount>3 3 3 3 3 3 3 3 3 3 3 3 3 3 3 3 3 3 3 3 3 3 3 3 3 3 3 3 3 3 3 3 3 3 3 3 3 3 3 3 3 3 3 3 3 3 3 3 3 3 3 3 3 3 3 3 3 3 3 3 3 3 3 3 3 3 3 3 3 3 3 3 3 3 3 3 3 3 3 3 3 3 3 3 3 3 3 3 3 3 3 3 3 3 3 3 3 3 3 3 3 3 3 3 3 3 3 3 3 3 3 3 3 3 3 3 3 3 3 3 3 3 3 3 3 3 3 3 3 3 3 3 3 3 3 3 3 3 3 3 3 3 3 3 3 3 3 3 3 3 3 3 3 3 3 3 3 3 3 3 3 3 3 3 3 3 3 3 3 3 3 3 3 3 3 3 3 3 3 3 3 3 3 3 3 3 3 3 3 3 3 3 3 3 3 3 3 3 3 3 3 3 3 3 3 3 3 3 3 3 3 3 3 3 3 3 3 3 3 3 3 3 3 3 3 3 3 3 3 3 3 3 3 3 3 3 3 3 3 3 3 3 3 3 3 3 3 3 3 3 3 3 3 3 3 3 3 3 3 3 3 3 3 3 3 3 3 3 3 3 3 3 3 3 3 3 3 3 3 3 3 3 3 3 3 3 3 3 3 3 3 3 3 3 3 3 3 3 3 3 3 3 3 3 3 3 3 3 3 3 3 3 3 3 3 3 3 3 3 3 3 3 3 3 3 3 3 3 3 3 3 3 3 3 3 3 3 3 3 3 3 3 3 3 3 3 3 3 3 3 3 3 3 3 3 3 3 3 3 3 3 3 3 3 3 3 3 3 3 3 3 3 3 3 3 3 3 3 3 3 3 3 3 3 3 3 3 3 3 3 3 3 3 3 3 3 3 3 3 3 3 3 3 3 3 3 3 3 3 3 3 3 3 3 3 3 3 3 3 3 3 3 3 3 3 3 3 3 3 3 3 3 3 3 3 3 3 3 3 3 3 3 3 3 3 3 3 3 3 3 3 3 3 3 3 3 3 3 3 3 3 3 3 3 3 3 3 3 3 3 3 3 3 3 3 3 3 3 3 3 3 3 3 3 3 3 3 3 3 3 3 3 3 3 3 3 3 3 3 3 3 3 3 3 3 3 3 3 3 3 3 3 3 3 3 3 3 3 3 3 3 3 3 3 3 3 3 3 3 3 3 3 3 3 3 3 3 3 3 3 3 3 3 3 3 3 3 3 3 3 3 3 3 3 3 3 3 3 3 3 3 3 3 3 3 3 3 3 3 3 3 3 3 3 3 3 3 3 3 3 3 3 3 3 3 3 3 3 3 3 3 3 3 3 3 3 3 3 3 3 3 3 3 3 3 3 3 3 3 3 3 3 3 3 3 3 3 3 3 3 3 3 3 3 3 3 3 3 3 3 3 3 3 3 3 3 3 3 3 3 3 3 3 3 3 3 3 3 3 3 3 3 3 3 3 3 3 3 3 3 3 3 3 3 3 3 3 3 3 3 3 3 3 3 3 3 3 3 3 3 3 3 3 3 3 3 3 3 3 3 3 3 3 3 3 3 3 3 3 3 3 3 3 3 3 3 3 3 3 3 3 3 3 3 3 3 3 3 3 3 3 3 3 3 3 3 3 3 3 3 3 3 3 3 3 3 3 3 3 3 3 3 3 3 3 3 3 3 3 3 3 3 3 3 3 3 3 3 3 3 3 3 3 3 3 3 3 3 3 3 3 3 3 3 3 3 3 3 3 3 3 3 3 3 3 3 3 3 3 3 3 3 3 3 3 3 3 3 3 3 3 3 3 3 3 3 3 3 3 3 3 3 3 3 3 3 3 3 3 3 3 3 3 3 3 3 3 3 3 3 3 3 3 3 3 3 3 3 3 3 3 3 3 3 3 3 3 3 3 3 3 3 3 3 3 3 3 3 3 3 3 3 3 3 3 3 3 3 3 3 3 3 3 3 3 3 3 3 3 3 3 3 3 3 3 3 3 3 3 3 3 3 3 3 3 3 3 3 3 3 3 3 </vcount>
          <p>67 0 87 0 550 0 66 1 516 1 507 1 78 2 80 2 54 2 58 3 68 3 65 3 65 4 517 4 564 4 66 5 69 5 59 5 61 6 72 6 73 6 78 7 61 7 62 7 74 8 58 8 63 8 64 9 59 9 77 9 19 14 17 14 140 14 674 15 191 15 202 15 740 16 239 16 127 16 85 17 114 17 135 17 70 19 506 19 510 19 127 20 121 20 709 20 76 22 35 22 92 22 56 23 81 23 77 23 17 24 32 24 144 24 105 26 34 26 94 26 87 27 67 27 57 27 136 28 133 28 128 28 72 29 509 29 512 29 116 30 121 30 127 30 191 31 196 31 199 31 172 34 177 34 184 34 214 35 211 35 208 35 157 39 162 39 174 39 652 41 164 41 180 41 229 42 227 42 85 42 228 43 88 43 85 43 179 44 183 44 195 44 180 45 164 45 169 45 218 46 215 46 212 46 172 47 166 47 175 47 168 48 182 48 175 48 182 49 168 49 173 49 181 50 194 50 187 50 194 52 181 52 185 52 217 54 220 54 219 54 178 55 176 55 187 55 178 56 189 56 195 56 660 57 179 57 192 57 188 58 201 58 200 58 193 59 204 59 201 59 196 60 190 60 200 60 204 61 193 61 197 61 81 62 112 62 23 62 88 63 551 63 585 63 78 64 53 64 41 64 80 65 62 65 119 65 82 66 63 66 22 66 69 67 507 67 556 67 85 68 88 68 115 68 124 69 86 69 89 69 77 70 109 70 91 70 59 71 69 71 102 71 509 72 72 72 104 72 76 73 108 73 99 73 503 74 517 74 65 74 70 75 103 75 555 75 58 76 117 76 96 76 74 77 82 77 55 77 130 78 75 78 57 78 64 79 23 79 100 79 504 80 554 80 101 80 60 81 99 81 103 81 118 82 111 82 20 82 81 83 56 83 95 83 77 84 59 84 98 84 122 85 87 85 86 85 82 86 113 86 94 86 20 87 111 87 97 87 132 88 275 88 119 88 61 89 21 89 104 89 78 90 110 90 21 90 117 91 22 91 93 91 129 92 41 92 53 92 135 93 134 93 83 93 84 94 133 94 89 94 133 95 136 95 89 95 74 96 51 96 34 96 157 97 167 97 165 97 160 98 158 98 165 98 106 99 97 99 108 99 71 100 510 100 593 100 76 101 60 101 20 101 128 102 33 102 75 102 84 103 89 103 75 103 503 105 68 105 96 105 124 106 24 106 101 106 128 107 133 107 84 107 57 108 67 108 101 108 230 109 229 109 90 109 107 110 79 110 97 110 91 112 109 112 112 112 55 114 94 114 34 114 74 115 105 115 117 115 87 116 122 116 604 116 91 117 95 117 56 117 86 118 57 118 75 118 140 119 146 119 147 119 140 120 144 120 148 120 19 121 142 121 612 121 15 122 14 122 137 122 32 123 15 123 138 123 16 124 18 124 141 124 146 125 152 125 154 125 146 126 148 126 156 126 142 127 147 127 620 127 38 128 0 128 162 128 144 129 138 129 145 129 300 130 301 130 153 130 153 131 625 131 627 131 155 132 151 132 152 132 151 133 153 133 154 133 155 134 156 134 150 134 147 135 154 135 627 135 0 136 38 136 126 136 148 138 145 138 150 138 126 140 163 140 651 140 163 141 126 141 38 141 38 142 160 142 171 142 202 143 199 143 219 143 191 144 217 144 216 144 195 145 215 145 218 145 183 146 179 146 213 146 184 147 211 147 214 147 164 148 209 148 208 148 163 149 170 149 207 149 160 151 162 151 157 151 126 152 639 152 708 152 70 153 71 153 20 153 76 154 79 154 107 154 35 155 107 155 106 155 129 156 54 156 80 156 123 157 119 157 62 157 73 158 512 158 595 158 66 159 100 159 560 159 116 160 39 160 161 160 63 161 65 161 93 161 174 162 171 162 165 162 173 163 168 163 166 163 186 164 177 164 175 164 198 165 189 165 187 165 176 166 178 166 185 166 188 167 190 167 197 167 204 168 203 168 200 168 202 169 220 169 710 169 673 170 192 170 218 170 191 171 674 171 712 171 179 172 660 172 714 172 180 173 214 173 713 173 164 174 652 174 716 174 163 175 210 175 715 175 169 176 208 176 173 176 183 177 212 177 185 177 196 178 216 178 197 178 200 179 203 179 219 179 198 180 215 180 195 180 177 181 186 181 211 181 174 182 207 182 170 182 16 185 17 185 19 185 462 186 18 186 19 186 16 187 31 187 32 187 14 188 15 188 32 188 138 189 137 189 145 189 145 191 137 191 149 191 161 193 159 193 205 193 98 195 102 195 100 195 151 198 155 198 302 198 153 199 301 199 826 199 551 200 88 200 228 200 240 201 237 201 227 201 239 202 228 202 227 202 238 203 240 203 229 203 134 204 231 204 230 204 115 205 236 205 114 205 236 206 234 206 114 206 728 207 228 207 239 207 226 209 206 209 205 209 116 210 234 210 236 210 161 211 39 211 237 211 39 212 127 212 239 212 159 213 161 213 240 213 231 214 238 214 230 214 205 215 159 215 238 215 31 219 143 219 137 219 218 224 217 224 712 224 714 225 713 225 214 225 716 226 715 226 210 226 121 227 13 227 708 227 115 228 585 228 604 228 118 236 103 236 99 236 595 270 787 270 132 270 119 273 275 273 273 273 302 319 149 319 137 319 226 334 231 334 134 334 206 354 162 354 0 354 207 355 174 355 173 355 211 356 186 356 185 356 198 357 197 357 216 357 136 359 135 359 114 359 112 361 113 361 22 361 109 362 98 362 99 362 110 363 97 363 111 363 564 364 560 364 100 364 556 365 555 365 103 365 559 366 104 366 118 366 117 550 105 550 410 550 219 553 203 553 415 553 419 557 421 557 422 557 421 559 423 559 424 559 421 560 427 560 426 560 428 561 427 561 420 561 426 562 427 562 428 562 425 563 424 563 423 563 421 565 418 565 417 565 417 566 420 566 427 566 418 567 421 567 419 567 434 571 435 571 436 571 435 572 437 572 438 572 440 573 438 573 437 573 441 574 435 574 433 574 433 575 435 575 434 575 435 576 441 576 439 576 550 583 548 583 528 583 527 584 530 584 507 584 513 585 541 585 539 585 519 586 524 586 526 586 526 587 561 587 564 587 520 588 530 588 527 588 522 589 523 589 534 589 539 590 541 590 523 590 535 591 543 591 524 591 538 592 520 592 525 592 469 597 617 597 615 597 674 598 688 598 689 598 740 599 638 599 599 599 609 600 583 600 546 600 531 602 532 602 510 602 599 603 638 603 709 603 537 605 577 605 558 605 515 606 508 606 538 606 467 607 615 607 619 607 574 609 582 609 562 609 518 610 528 610 548 610 610 611 603 611 601 611 533 612 534 612 512 612 586 613 491 613 599 613 685 614 682 614 677 614 668 617 661 617 654 617 695 618 698 618 701 618 656 622 642 622 635 622 652 624 659 624 664 624 726 625 553 625 546 625 546 626 549 626 725 626 681 627 667 627 663 627 664 628 668 628 649 628 699 629 702 629 705 629 654 630 661 630 657 630 657 631 666 631 648 631 666 632 670 632 655 632 671 633 680 633 665 633 680 635 684 635 669 635 704 637 703 637 706 637 662 638 675 638 671 638 681 639 675 639 662 639 660 640 673 640 678 640 686 641 687 641 672 641 687 642 691 642 679 642 682 643 685 643 686 643 691 644 690 644 683 644 473 645 581 645 542 645 549 646 584 646 585 646 539 647 579 647 493 647 541 648 605 648 589 648 543 649 582 649 472 649 530 650 571 650 556 650 546 651 583 651 584 651 596 652 610 652 552 652 557 653 578 653 538 653 520 654 567 654 571 654 509 655 559 655 573 655 568 656 577 656 537 656 526 657 517 657 503 657 555 658 572 658 531 658 565 659 587 659 519 659 535 660 505 660 514 660 518 661 536 661 603 661 569 662 473 662 525 662 570 663 554 663 504 663 572 664 568 664 521 664 588 665 532 665 470 665 542 666 581 666 563 666 538 667 578 667 567 667 547 668 548 668 592 668 562 669 582 669 543 669 566 670 580 670 470 670 606 671 594 671 589 671 573 672 471 672 522 672 471 673 579 673 539 673 561 674 472 674 587 674 511 675 493 675 602 675 609 676 553 676 544 676 784 677 602 677 493 677 607 678 545 678 552 678 535 679 574 679 485 679 645 680 647 680 635 680 645 681 636 681 640 681 577 682 566 682 575 682 532 683 588 683 593 683 537 684 540 684 470 684 536 685 484 685 601 685 545 686 484 686 536 686 503 688 600 688 565 688 570 689 474 689 596 689 601 690 484 690 545 690 518 691 474 691 570 691 727 692 544 692 553 692 576 693 575 693 566 693 557 695 563 695 581 695 485 697 562 697 514 697 535 698 519 698 587 698 604 699 592 699 548 699 557 700 508 700 515 700 536 701 518 701 547 701 623 702 622 702 615 702 615 703 622 703 624 703 612 704 617 704 469 704 465 705 613 705 611 705 483 706 619 706 613 706 466 707 614 707 616 707 632 708 630 708 622 708 622 709 630 709 634 709 620 710 623 710 617 710 642 711 444 711 490 711 619 712 624 712 621 712 819 713 631 713 820 713 631 714 632 714 627 714 633 715 634 715 630 715 632 716 631 716 629 716 628 717 634 717 633 717 627 718 632 718 623 718 444 719 461 719 598 719 624 721 634 721 628 721 651 723 643 723 598 723 643 724 650 724 490 724 490 725 650 725 653 725 689 726 707 726 706 726 703 727 704 727 677 727 705 728 702 728 681 728 667 729 699 729 700 729 701 730 698 730 668 730 695 731 696 731 644 731 643 732 697 732 694 732 635 734 642 734 640 734 708 735 639 735 598 735 470 736 532 736 531 736 537 737 486 737 576 737 575 738 576 738 486 738 541 739 513 739 602 739 594 740 534 740 523 740 534 741 594 741 595 741 560 742 569 742 527 742 641 743 491 743 586 743 524 744 472 744 561 744 645 745 653 745 656 745 655 746 654 746 646 746 657 747 661 747 670 747 671 748 675 748 684 748 669 749 662 749 658 749 683 750 676 750 672 750 691 751 687 751 686 751 710 752 707 752 689 752 673 753 711 753 705 753 677 754 704 754 712 754 663 755 700 755 714 755 713 756 701 756 664 756 644 757 696 757 716 757 715 758 697 758 643 758 655 759 695 759 649 759 669 760 699 760 667 760 683 761 703 761 682 761 686 762 685 762 706 762 681 763 702 763 684 763 661 764 668 764 698 764 650 765 694 765 656 765 466 768 468 768 469 768 462 769 464 769 469 769 466 770 467 770 483 770 463 771 482 771 483 771 613 772 621 772 611 772 621 774 628 774 626 774 641 776 693 776 692 776 567 778 473 778 569 778 821 781 633 781 629 781 826 783 820 783 631 783 551 784 728 784 725 784 739 785 726 785 724 785 724 786 725 786 738 786 737 787 727 787 726 787 608 788 544 788 727 788 732 789 734 789 583 789 734 790 584 790 583 790 728 791 740 791 738 791 723 793 729 793 692 793 734 794 732 794 586 794 641 795 739 795 736 795 491 796 736 796 738 796 637 797 737 797 739 797 729 798 727 798 737 798 737 799 637 799 692 799 611 803 618 803 482 803 712 808 704 808 705 808 701 809 713 809 714 809 697 810 715 810 716 810 591 811 709 811 708 811 584 812 592 812 604 812 568 820 572 820 588 820 595 854 594 854 606 854 589 857 605 857 784 857 608 918 729 918 723 918 693 938 586 938 444 938 655 939 656 939 694 939 669 940 670 940 698 940 684 941 702 941 703 941 610 943 596 943 583 943 472 945 582 945 581 945 578 946 577 946 568 946 580 947 566 947 579 947 569 948 560 948 564 948 572 949 555 949 556 949 559 950 593 950 588 950 587 1134 964 1134 963 1134 706 1137 969 1137 968 1137 972 1141 963 1141 975 1141 974 1143 975 1143 977 1143 979 1144 980 1144 974 1144 973 1145 980 1145 981 1145 981 1146 980 1146 979 1146 978 1147 979 1147 976 1147 970 1149 971 1149 974 1149 970 1150 980 1150 973 1150 971 1151 972 1151 974 1151 987 1155 982 1155 989 1155 988 1156 989 1156 991 1156 994 1157 993 1157 990 1157 995 1158 996 1158 986 1158 986 1159 987 1159 988 1159 993 1160 995 1160 988 1160 504 1167 67 1167 550 1167 69 1168 66 1168 507 1168 53 1169 78 1169 54 1169 63 1170 58 1170 65 1170 93 1171 65 1171 564 1171 64 1172 66 1172 59 1172 62 1173 61 1173 73 1173 80 1174 78 1174 62 1174 82 1175 74 1175 63 1175 81 1176 64 1176 77 1176 142 1181 19 1181 140 1181 688 1182 674 1182 202 1182 638 1183 740 1183 127 1183 90 1184 85 1184 135 1184 71 1185 70 1185 510 1185 638 1186 127 1186 709 1186 108 1188 76 1188 92 1188 52 1189 56 1189 77 1189 140 1190 17 1190 144 1190 113 1191 105 1191 94 1191 86 1192 87 1192 57 1192 130 1193 136 1193 128 1193 73 1194 72 1194 512 1194 39 1195 116 1195 127 1195 202 1196 191 1196 199 1196 169 1199 172 1199 184 1199 209 1200 214 1200 208 1200 167 1204 157 1204 174 1204 659 1206 652 1206 180 1206 90 1207 229 1207 85 1207 227 1208 228 1208 85 1208 192 1209 179 1209 195 1209 184 1210 180 1210 169 1210 213 1211 218 1211 212 1211 177 1212 172 1212 175 1212 166 1213 168 1213 175 1213 186 1214 182 1214 173 1214 176 1215 181 1215 187 1215 198 1216 194 1216 185 1216 216 1218 217 1218 219 1218 189 1219 178 1219 187 1219 183 1220 178 1220 195 1220 673 1221 660 1221 192 1221 190 1222 188 1222 200 1222 188 1223 193 1223 201 1223 199 1224 196 1224 200 1224 203 1225 204 1225 197 1225 64 1226 81 1226 23 1226 115 1227 88 1227 585 1227 110 1228 78 1228 41 1228 131 1229 80 1229 119 1229 113 1230 82 1230 22 1230 102 1231 69 1231 556 1231 114 1232 85 1232 115 1232 136 1233 124 1233 89 1233 52 1234 77 1234 91 1234 98 1235 59 1235 102 1235 559 1236 509 1236 104 1236 60 1237 76 1237 99 1237 68 1238 503 1238 65 1238 506 1239 70 1239 555 1239 68 1240 58 1240 96 1240 51 1241 74 1241 55 1241 24 1242 130 1242 57 1242 66 1243 64 1243 100 1243 67 1244 504 1244 101 1244 70 1245 60 1245 103 1245 71 1246 118 1246 20 1246 112 1247 81 1247 95 1247 109 1248 77 1248 98 1248 124 1249 122 1249 86 1249 55 1250 82 1250 94 1250 79 1251 20 1251 97 1251 123 1252 132 1252 119 1252 104 1253 275 1253 132 1253 104 1254 21 1254 275 1254 72 1255 61 1255 104 1255 61 1256 78 1256 21 1256 96 1257 117 1257 93 1257 54 1258 129 1258 53 1258 90 1259 135 1259 83 1259 273 1260 110 1260 41 1260 131 1261 273 1261 129 1261 273 1262 41 1262 129 1262 105 1263 74 1263 34 1263 158 1264 157 1264 165 1264 171 1265 160 1265 165 1265 92 1266 106 1266 108 1266 118 1267 71 1267 593 1267 79 1268 76 1268 20 1268 130 1269 128 1269 75 1269 33 1270 84 1270 75 1270 600 1272 503 1272 96 1272 122 1273 124 1273 101 1273 33 1274 128 1274 84 1274 24 1275 57 1275 101 1275 83 1276 230 1276 90 1276 106 1277 107 1277 97 1277 95 1279 91 1279 112 1279 51 1280 55 1280 34 1280 58 1281 74 1281 117 1281 550 1282 87 1282 604 1282 52 1283 91 1283 56 1283 89 1284 86 1284 75 1284 142 1285 140 1285 147 1285 146 1286 140 1286 148 1286 464 1287 19 1287 612 1287 138 1288 15 1288 137 1288 144 1289 32 1289 138 1289 139 1290 16 1290 141 1290 147 1291 146 1291 154 1291 152 1292 146 1292 156 1292 612 1293 142 1293 620 1293 160 1294 38 1294 162 1294 148 1295 144 1295 145 1295 300 1296 139 1296 141 1296 151 1297 300 1297 153 1297 141 1298 301 1298 300 1298 154 1299 153 1299 627 1299 156 1300 155 1300 152 1300 152 1301 151 1301 154 1301 149 1302 155 1302 150 1302 620 1303 147 1303 627 1303 13 1304 0 1304 126 1304 156 1305 148 1305 150 1305 639 1306 126 1306 651 1306 170 1307 163 1307 38 1307 170 1308 38 1308 171 1308 220 1309 202 1309 219 1309 196 1310 191 1310 216 1310 192 1311 195 1311 218 1311 212 1312 183 1312 213 1312 180 1313 184 1313 214 1313 169 1314 164 1314 208 1314 210 1315 163 1315 207 1315 158 1316 160 1316 157 1316 13 1317 126 1317 708 1317 60 1318 70 1318 20 1318 35 1319 76 1319 107 1319 92 1320 35 1320 106 1320 131 1321 129 1321 80 1321 73 1322 123 1322 62 1322 123 1323 73 1323 595 1323 516 1324 66 1324 560 1324 206 1325 116 1325 161 1325 22 1326 63 1326 93 1326 167 1327 174 1327 165 1327 172 1328 173 1328 166 1328 182 1329 186 1329 175 1329 194 1330 198 1330 187 1330 181 1331 176 1331 185 1331 193 1332 188 1332 197 1332 201 1333 204 1333 200 1333 688 1334 202 1334 710 1334 711 1335 673 1335 218 1335 217 1336 191 1336 712 1336 213 1337 179 1337 714 1337 659 1338 180 1338 713 1338 209 1339 164 1339 716 1339 651 1340 163 1340 715 1340 172 1341 169 1341 173 1341 178 1342 183 1342 185 1342 190 1343 196 1343 197 1343 199 1344 200 1344 219 1344 189 1345 198 1345 195 1345 184 1346 177 1346 211 1346 171 1347 174 1347 170 1347 18 1349 16 1349 19 1349 464 1350 462 1350 19 1350 17 1351 16 1351 32 1351 31 1352 14 1352 32 1352 150 1354 145 1354 149 1354 206 1355 161 1355 205 1355 23 1357 98 1357 100 1357 300 1358 151 1358 302 1358 625 1359 153 1359 826 1359 728 1360 551 1360 228 1360 229 1361 240 1361 227 1361 237 1362 239 1362 227 1362 230 1363 238 1363 229 1363 83 1364 134 1364 230 1364 740 1368 728 1368 239 1368 231 1369 226 1369 205 1369 121 1370 116 1370 236 1370 240 1371 161 1371 237 1371 237 1372 39 1372 239 1372 238 1373 159 1373 240 1373 231 1374 205 1374 238 1374 14 1378 31 1378 137 1378 711 1382 218 1382 712 1382 213 1383 714 1383 214 1383 209 1384 716 1384 210 1384 709 1385 121 1385 708 1385 122 1386 115 1386 604 1386 111 1389 118 1389 99 1389 123 1414 595 1414 132 1414 131 1417 119 1417 273 1417 143 1454 302 1454 137 1454 155 1455 149 1455 302 1455 135 1464 226 1464 134 1464 116 1475 206 1475 0 1475 208 1476 207 1476 173 1476 212 1477 211 1477 185 1477 215 1478 198 1478 216 1478 124 1480 136 1480 114 1480 23 1482 112 1482 22 1482 108 1483 109 1483 99 1483 21 1484 110 1484 111 1484 93 1485 564 1485 100 1485 102 1486 556 1486 103 1486 593 1487 559 1487 118 1487 411 1592 117 1592 410 1592 416 1595 219 1595 415 1595 410 1599 419 1599 422 1599 422 1601 421 1601 424 1601 423 1602 421 1602 426 1602 411 1603 428 1603 420 1603 425 1604 426 1604 428 1604 426 1605 425 1605 423 1605 427 1607 421 1607 417 1607 429 1611 434 1611 436 1611 436 1612 435 1612 438 1612 439 1613 440 1613 437 1613 996 1614 441 1614 433 1614 437 1615 435 1615 439 1615 504 1622 550 1622 528 1622 516 1623 527 1623 507 1623 511 1624 513 1624 539 1624 529 1625 519 1625 526 1625 517 1626 526 1626 564 1626 525 1627 520 1627 527 1627 533 1628 522 1628 534 1628 522 1629 539 1629 523 1629 519 1630 535 1630 524 1630 542 1631 538 1631 525 1631 467 1636 469 1636 615 1636 677 1637 674 1637 689 1637 738 1638 740 1638 599 1638 553 1639 609 1639 546 1639 506 1640 531 1640 510 1640 591 1641 599 1641 709 1641 486 1643 537 1643 558 1643 542 1644 515 1644 538 1644 483 1645 467 1645 619 1645 485 1646 574 1646 562 1646 547 1647 518 1647 548 1647 607 1648 610 1648 601 1648 509 1649 533 1649 512 1649 591 1650 586 1650 599 1650 689 1651 685 1651 677 1651 649 1654 668 1654 654 1654 696 1655 695 1655 701 1655 647 1659 656 1659 635 1659 644 1661 652 1661 664 1661 724 1662 726 1662 546 1662 724 1663 546 1663 725 1663 678 1664 681 1664 663 1664 644 1665 664 1665 649 1665 700 1666 699 1666 705 1666 646 1667 654 1667 657 1667 646 1668 657 1668 648 1668 648 1669 666 1669 655 1669 658 1670 671 1670 665 1670 665 1671 680 1671 669 1671 707 1673 704 1673 706 1673 658 1674 662 1674 671 1674 667 1675 681 1675 662 1675 663 1676 660 1676 678 1676 676 1677 686 1677 672 1677 672 1678 687 1678 679 1678 676 1679 682 1679 686 1679 679 1680 691 1680 683 1680 525 1681 473 1681 542 1681 551 1682 549 1682 585 1682 511 1683 539 1683 493 1683 523 1684 541 1684 589 1684 524 1685 543 1685 472 1685 507 1686 530 1686 556 1686 549 1687 546 1687 584 1687 547 1688 596 1688 552 1688 508 1689 557 1689 538 1689 530 1690 520 1690 571 1690 533 1691 509 1691 573 1691 521 1692 568 1692 537 1692 529 1693 526 1693 503 1693 506 1694 555 1694 531 1694 529 1695 565 1695 519 1695 543 1696 535 1696 514 1696 474 1697 518 1697 603 1697 527 1698 569 1698 525 1698 528 1699 570 1699 504 1699 531 1700 572 1700 521 1700 580 1701 588 1701 470 1701 515 1702 542 1702 563 1702 520 1703 538 1703 567 1703 596 1704 547 1704 592 1704 514 1705 562 1705 543 1705 540 1706 566 1706 470 1706 786 1707 606 1707 589 1707 786 1708 471 1708 573 1708 533 1709 573 1709 522 1709 786 1710 573 1710 606 1710 522 1711 471 1711 539 1711 565 1712 561 1712 587 1712 513 1713 511 1713 602 1713 608 1714 609 1714 544 1714 493 1715 579 1715 784 1715 784 1716 605 1716 602 1716 610 1717 607 1717 552 1717 505 1718 535 1718 485 1718 636 1719 645 1719 635 1719 653 1720 645 1720 640 1720 558 1721 577 1721 575 1721 510 1722 532 1722 593 1722 521 1723 537 1723 470 1723 603 1724 536 1724 601 1724 552 1725 545 1725 536 1725 529 1727 503 1727 565 1727 592 1728 570 1728 596 1728 607 1729 601 1729 545 1729 528 1730 518 1730 570 1730 726 1731 727 1731 553 1731 540 1732 576 1732 566 1732 578 1734 557 1734 581 1734 505 1735 485 1735 514 1735 574 1736 535 1736 587 1736 550 1737 604 1737 548 1737 563 1738 557 1738 515 1738 552 1739 536 1739 547 1739 617 1740 623 1740 615 1740 619 1741 615 1741 624 1741 464 1742 612 1742 469 1742 463 1743 465 1743 611 1743 465 1744 483 1744 613 1744 468 1745 466 1745 616 1745 623 1746 632 1746 622 1746 624 1747 622 1747 634 1747 612 1748 620 1748 617 1748 640 1749 642 1749 490 1749 613 1750 619 1750 621 1750 616 1751 614 1751 819 1751 819 1752 629 1752 631 1752 820 1753 616 1753 819 1753 625 1754 631 1754 627 1754 629 1755 633 1755 630 1755 630 1756 632 1756 629 1756 626 1757 628 1757 633 1757 620 1758 627 1758 623 1758 490 1759 444 1759 598 1759 621 1760 624 1760 628 1760 639 1761 651 1761 598 1761 598 1762 643 1762 490 1762 640 1763 490 1763 653 1763 685 1764 689 1764 706 1764 682 1765 703 1765 677 1765 678 1766 705 1766 681 1766 663 1767 667 1767 700 1767 664 1768 701 1768 668 1768 649 1769 695 1769 644 1769 650 1770 643 1770 694 1770 636 1771 635 1771 640 1771 461 1772 708 1772 598 1772 521 1773 470 1773 531 1773 540 1774 537 1774 576 1774 558 1775 575 1775 486 1775 605 1776 541 1776 602 1776 589 1777 594 1777 523 1777 512 1778 534 1778 595 1778 516 1779 560 1779 527 1779 693 1780 641 1780 586 1780 526 1781 524 1781 561 1781 647 1782 645 1782 656 1782 648 1783 655 1783 646 1783 666 1784 657 1784 670 1784 680 1785 671 1785 684 1785 665 1786 669 1786 658 1786 679 1787 683 1787 672 1787 690 1788 691 1788 686 1788 688 1789 710 1789 689 1789 678 1790 673 1790 705 1790 674 1791 677 1791 712 1791 660 1792 663 1792 714 1792 659 1793 713 1793 664 1793 652 1794 644 1794 716 1794 651 1795 715 1795 643 1795 654 1796 655 1796 649 1796 662 1797 669 1797 667 1797 676 1798 683 1798 682 1798 690 1799 686 1799 706 1799 675 1800 681 1800 684 1800 670 1801 661 1801 698 1801 653 1802 650 1802 656 1802 467 1804 466 1804 469 1804 468 1805 462 1805 469 1805 482 1806 466 1806 483 1806 465 1807 463 1807 483 1807 611 1809 621 1809 626 1809 637 1810 641 1810 692 1810 571 1812 567 1812 569 1812 819 1813 821 1813 629 1813 625 1815 826 1815 631 1815 549 1816 551 1816 725 1816 736 1817 739 1817 724 1817 736 1818 724 1818 738 1818 739 1819 737 1819 726 1819 729 1820 608 1820 727 1820 725 1824 728 1824 738 1824 693 1825 723 1825 692 1825 591 1826 734 1826 586 1826 491 1827 641 1827 736 1827 599 1828 491 1828 738 1828 641 1829 637 1829 739 1829 729 1830 737 1830 692 1830 463 1834 611 1834 482 1834 711 1838 712 1838 705 1838 700 1839 701 1839 714 1839 696 1840 697 1840 716 1840 461 1841 591 1841 708 1841 585 1842 584 1842 604 1842 580 1845 568 1845 588 1845 787 1870 595 1870 606 1870 786 1873 589 1873 784 1873 626 1910 821 1910 611 1910 626 1911 633 1911 821 1911 821 1912 618 1912 611 1912 609 1920 608 1920 723 1920 642 1931 693 1931 444 1931 695 1932 655 1932 694 1932 699 1933 669 1933 698 1933 683 1934 684 1934 703 1934 609 1936 610 1936 583 1936 473 1938 472 1938 581 1938 567 1939 578 1939 568 1939 471 1940 580 1940 579 1940 561 1941 569 1941 564 1941 571 1942 572 1942 556 1942 573 1943 559 1943 588 1943 574 2048 587 2048 963 2048 690 2051 706 2051 968 2051 974 2055 972 2055 975 2055 976 2057 974 2057 977 2057 976 2058 979 2058 974 2058 964 2059 973 2059 981 2059 978 2060 981 2060 979 2060 977 2061 978 2061 976 2061 980 2063 970 2063 974 2063 988 2067 987 2067 989 2067 990 2068 988 2068 991 2068 991 2069 994 2069 990 2069 988 2070 995 2070 986 2070 990 2071 993 2071 988 2071</p>
        </polylist>
        <polylist material="Metal-material" count="1176">
          <input semantic="VERTEX" source="#Cube_002-mesh-vertices" offset="0"/>
          <input semantic="NORMAL" source="#Cube_002-mesh-normals" offset="1"/>
          <vcount>3 3 3 3 3 3 3 3 3 3 3 3 3 3 3 3 3 3 3 3 3 3 3 3 3 3 3 3 3 3 3 3 3 3 3 3 3 3 3 3 3 3 3 3 3 3 3 3 3 3 3 3 3 3 3 3 3 3 3 3 3 3 3 3 3 3 3 3 3 3 3 3 3 3 3 3 3 3 3 3 3 3 3 3 3 3 3 3 3 3 3 3 3 3 3 3 3 3 3 3 3 3 3 3 3 3 3 3 3 3 3 3 3 3 3 3 3 3 3 3 3 3 3 3 3 3 3 3 3 3 3 3 3 3 3 3 3 3 3 3 3 3 3 3 3 3 3 3 3 3 3 3 3 3 3 3 3 3 3 3 3 3 3 3 3 3 3 3 3 3 3 3 3 3 3 3 3 3 3 3 3 3 3 3 3 3 3 3 3 3 3 3 3 3 3 3 3 3 3 3 3 3 3 3 3 3 3 3 3 3 3 3 3 3 3 3 3 3 3 3 3 3 3 3 3 3 3 3 3 3 3 3 3 3 3 3 3 3 3 3 3 3 3 3 3 3 3 3 3 3 3 3 3 3 3 3 3 3 3 3 3 3 3 3 3 3 3 3 3 3 3 3 3 3 3 3 3 3 3 3 3 3 3 3 3 3 3 3 3 3 3 3 3 3 3 3 3 3 3 3 3 3 3 3 3 3 3 3 3 3 3 3 3 3 3 3 3 3 3 3 3 3 3 3 3 3 3 3 3 3 3 3 3 3 3 3 3 3 3 3 3 3 3 3 3 3 3 3 3 3 3 3 3 3 3 3 3 3 3 3 3 3 3 3 3 3 3 3 3 3 3 3 3 3 3 3 3 3 3 3 3 3 3 3 3 3 3 3 3 3 3 3 3 3 3 3 3 3 3 3 3 3 3 3 3 3 3 3 3 3 3 3 3 3 3 3 3 3 3 3 3 3 3 3 3 3 3 3 3 3 3 3 3 3 3 3 3 3 3 3 3 3 3 3 3 3 3 3 3 3 3 3 3 3 3 3 3 3 3 3 3 3 3 3 3 3 3 3 3 3 3 3 3 3 3 3 3 3 3 3 3 3 3 3 3 3 3 3 3 3 3 3 3 3 3 3 3 3 3 3 3 3 3 3 3 3 3 3 3 3 3 3 3 3 3 3 3 3 3 3 3 3 3 3 3 3 3 3 3 3 3 3 3 3 3 3 3 3 3 3 3 3 3 3 3 3 3 3 3 3 3 3 3 3 3 3 3 3 3 3 3 3 3 3 3 3 3 3 3 3 3 3 3 3 3 3 3 3 3 3 3 3 3 3 3 3 3 3 3 3 3 3 3 3 3 3 3 3 3 3 3 3 3 3 3 3 3 3 3 3 3 3 3 3 3 3 3 3 3 3 3 3 3 3 3 3 3 3 3 3 3 3 3 3 3 3 3 3 3 3 3 3 3 3 3 3 3 3 3 3 3 3 3 3 3 3 3 3 3 3 3 3 3 3 3 3 3 3 3 3 3 3 3 3 3 3 3 3 3 3 3 3 3 3 3 3 3 3 3 3 3 3 3 3 3 3 3 3 3 3 3 3 3 3 3 3 3 3 3 3 3 3 3 3 3 3 3 3 3 3 3 3 3 3 3 3 3 3 3 3 3 3 3 3 3 3 3 3 3 3 3 3 3 3 3 3 3 3 3 3 3 3 3 3 3 3 3 3 3 3 3 3 3 3 3 3 3 3 3 3 3 3 3 3 3 3 3 3 3 3 3 3 3 3 3 3 3 3 3 3 3 3 3 3 3 3 3 3 3 3 3 3 3 3 3 3 3 3 3 3 3 3 3 3 3 3 3 3 3 3 3 3 3 3 3 3 3 3 3 3 3 3 3 3 3 3 3 3 3 3 3 3 3 3 3 3 3 3 3 3 3 3 3 3 3 3 3 3 3 3 3 3 3 3 3 3 3 3 3 3 3 3 3 3 3 3 3 3 3 3 3 3 3 3 3 3 3 3 3 3 3 3 3 3 3 3 3 3 3 3 3 3 3 3 3 3 3 3 3 3 3 3 3 3 3 3 3 3 3 3 3 3 3 3 3 3 3 3 3 3 3 3 3 3 3 3 3 3 3 3 3 3 3 3 3 3 3 3 3 3 3 3 3 3 3 3 3 3 3 3 3 3 3 3 3 3 3 3 3 3 3 3 3 3 3 3 3 3 3 3 3 3 3 3 3 3 3 3 3 3 3 3 3 3 3 3 3 3 3 3 3 3 3 3 3 3 3 3 3 3 3 3 3 3 3 3 3 3 3 3 3 3 3 3 3 3 3 3 3 3 3 3 3 3 3 3 3 3 3 3 3 3 3 3 3 3 3 3 3 3 3 3 3 3 3 3 3 3 3 3 3 3 3 3 3 3 3 3 3 3 3 3 3 3 3 3 3 3 3 3 3 3 3 3 3 3 3 3 3 3 3 3 3 3 3 3 3 3 3 3 3 3 3 3 3 3 3 3 3 3 3 3 3 3 3 3 3 3 3 3 3 3 3 3 3 3 3 3 3 3 3 3 3 3 3 3 3 3 3 3 3 3 3 3 3 3 3 3 3 3 3 3 3 3 3 3 3 3 3 3 3 3 3 3 3 3 3 3 3 3 3 3 3 3 3 3 </vcount>
          <p>26 10 8 10 223 10 37 11 10 11 446 11 446 12 10 12 11 12 241 13 12 13 448 13 12 18 118 18 104 18 36 21 40 21 28 21 48 25 213 25 360 25 235 32 37 32 487 32 232 33 233 33 40 33 7 36 43 36 210 36 173 37 44 37 46 37 209 38 43 38 45 38 2 40 445 40 717 40 50 51 215 51 216 51 46 53 44 53 256 53 272 104 275 104 21 104 448 111 12 111 120 111 96 113 10 113 101 113 213 137 214 137 45 137 2 139 18 139 220 139 9 150 387 150 121 150 47 183 42 183 208 183 219 184 16 184 8 184 13 190 210 190 207 190 1 192 384 192 0 192 29 194 221 194 222 194 241 196 102 196 103 196 27 197 385 197 206 197 9 208 121 208 236 208 31 216 26 216 225 216 11 217 241 217 742 217 120 218 12 218 104 218 223 220 139 220 300 220 16 221 139 221 223 221 18 222 2 222 224 222 218 223 48 223 217 223 25 229 44 229 174 229 203 230 26 230 31 230 287 231 286 231 247 231 243 232 386 232 116 232 3 233 232 233 234 233 3 234 234 234 116 234 98 235 222 235 99 235 112 237 29 237 113 237 242 238 389 238 162 238 233 239 27 239 226 239 27 240 206 240 226 240 235 241 9 241 236 241 251 242 245 242 406 242 256 243 254 243 259 243 255 244 760 244 766 244 259 245 277 245 276 245 257 246 766 246 791 246 262 247 249 247 252 247 770 248 748 248 246 248 247 249 253 249 264 249 749 250 250 250 265 250 294 251 252 251 249 251 257 252 278 252 335 252 282 253 323 253 390 253 314 254 298 254 818 254 280 255 287 255 263 255 47 256 259 256 254 256 45 257 43 257 255 257 799 258 774 258 265 258 391 259 267 259 25 259 258 260 293 260 331 260 266 261 310 261 309 261 322 262 405 262 406 262 7 263 268 263 311 263 268 264 778 264 833 264 817 265 299 265 269 265 295 266 297 266 262 266 259 267 47 267 346 267 30 268 274 268 272 268 30 269 97 269 110 269 120 271 132 271 787 271 272 272 274 272 273 272 373 274 374 274 270 274 270 275 374 275 337 275 375 276 900 276 779 276 285 277 290 277 289 277 392 278 13 278 121 278 318 279 251 279 404 279 280 280 264 280 253 280 323 281 282 281 292 281 284 282 265 282 250 282 266 283 381 283 1 283 282 284 798 284 808 284 290 285 287 285 280 285 251 286 319 286 288 286 288 287 289 287 280 287 282 288 291 288 292 288 243 289 116 289 0 289 808 290 799 290 284 290 292 291 291 291 284 291 248 292 325 292 292 292 249 293 262 293 297 293 298 294 269 294 299 294 222 295 98 295 23 295 232 296 36 296 114 296 40 297 136 297 130 297 339 298 338 298 277 298 294 299 271 299 295 299 3 300 383 300 382 300 25 301 267 301 309 301 320 302 279 302 288 302 279 303 289 303 288 303 286 304 281 304 253 304 245 305 251 305 281 305 747 306 248 306 283 306 810 307 283 307 250 307 252 308 294 308 295 308 306 309 307 309 312 309 296 310 297 310 270 310 246 311 298 311 299 311 818 312 298 312 246 312 770 313 260 313 299 313 271 314 270 314 297 314 300 315 302 315 305 315 301 316 304 316 822 316 225 317 305 317 302 317 224 318 304 318 301 318 225 320 223 320 303 320 224 321 717 321 822 321 29 322 112 322 109 322 36 323 4 323 24 323 29 324 28 324 105 324 22 325 5 325 23 325 28 326 29 326 5 326 117 327 4 327 5 327 222 328 221 328 30 328 221 329 109 329 108 329 6 330 21 330 111 330 105 331 28 331 130 331 4 332 117 332 24 332 36 333 124 333 114 333 233 335 226 335 135 335 136 336 40 336 135 336 11 337 10 337 96 337 37 338 122 338 101 338 100 339 11 339 93 339 11 340 100 340 102 340 12 341 241 341 103 341 30 342 221 342 108 342 274 343 30 343 110 343 6 344 111 344 99 344 49 345 351 345 197 345 198 346 49 346 197 346 317 347 2 347 334 347 1 348 0 348 207 348 185 349 355 349 358 349 213 350 357 350 360 350 209 351 210 351 43 351 185 352 186 352 46 352 173 353 174 353 44 353 219 358 416 358 413 358 117 360 411 360 409 360 306 367 340 367 349 367 270 368 337 368 371 368 315 369 307 369 306 369 269 370 298 370 368 370 317 371 308 371 830 371 248 372 747 372 934 372 271 373 294 373 365 373 256 374 44 374 309 374 310 375 254 375 256 375 42 376 254 376 310 376 42 377 207 377 208 377 47 378 211 378 212 378 255 379 43 379 311 379 311 380 833 380 760 380 296 381 270 381 367 381 312 382 294 382 296 382 830 383 308 383 314 383 48 384 353 384 217 384 8 385 26 385 315 385 445 386 2 386 317 386 1 387 42 387 310 387 25 388 389 388 395 388 9 389 235 389 388 389 46 390 258 390 345 390 8 391 316 391 341 391 327 392 331 392 293 392 365 393 364 393 370 393 341 394 216 394 219 394 327 395 276 395 373 395 332 396 335 396 278 396 308 397 336 397 344 397 317 398 334 398 350 398 269 399 333 399 375 399 315 400 26 400 328 400 315 401 328 401 348 401 307 402 329 402 342 402 306 403 313 403 343 403 368 404 369 404 372 404 7 405 393 405 268 405 259 406 346 406 339 406 45 407 257 407 347 407 50 408 359 408 212 408 218 409 213 409 48 409 345 410 354 410 355 410 307 411 315 411 348 411 341 412 316 412 349 412 308 413 317 413 350 413 328 414 203 414 197 414 216 415 352 415 50 415 334 416 220 416 217 416 328 417 351 417 362 417 341 418 349 418 363 418 334 419 353 419 361 419 185 420 46 420 355 420 356 421 47 421 212 421 47 422 356 422 346 422 45 423 347 423 357 423 213 424 45 424 357 424 50 425 212 425 215 425 359 426 356 426 212 426 198 427 185 427 49 427 49 428 185 428 358 428 350 429 334 429 361 429 348 430 328 430 362 430 352 431 341 431 363 431 312 432 342 432 364 432 294 433 312 433 365 433 313 434 367 434 366 434 313 435 296 435 367 435 314 436 344 436 369 436 298 437 314 437 368 437 330 438 271 438 370 438 367 439 270 439 371 439 333 440 269 440 372 440 271 441 330 441 373 441 374 442 277 442 338 442 332 443 278 443 375 443 791 444 900 444 375 444 277 445 374 445 373 445 345 446 258 446 331 446 277 447 259 447 339 447 347 448 257 448 335 448 321 449 400 449 325 449 232 450 3 450 382 450 388 451 235 451 735 451 382 452 383 452 285 452 383 453 324 453 285 453 385 454 242 454 206 454 386 455 3 455 116 455 27 456 379 456 397 456 3 457 386 457 398 457 387 458 244 458 121 458 389 459 25 459 162 459 9 460 388 460 390 460 9 461 390 461 399 461 27 462 380 462 379 462 27 463 233 463 380 463 279 464 320 464 379 464 1 465 381 465 396 465 392 466 7 466 13 466 321 467 248 467 408 467 7 468 392 468 394 468 393 469 7 469 394 469 391 470 25 470 395 470 384 471 1 471 396 471 385 472 27 472 397 472 383 473 3 473 398 473 387 474 9 474 399 474 324 475 377 475 326 475 401 476 322 476 326 476 290 477 326 477 286 477 290 478 286 478 287 478 324 479 326 479 290 479 377 480 401 480 326 480 376 481 320 481 319 481 245 482 286 482 326 482 378 483 323 483 325 483 400 484 378 484 325 484 325 485 248 485 321 485 402 486 376 486 319 486 245 487 326 487 322 487 404 488 267 488 391 488 406 489 405 489 381 489 404 490 406 490 266 490 393 491 407 491 408 491 408 492 934 492 778 492 319 493 251 493 318 493 318 494 402 494 319 494 330 495 337 495 338 495 327 496 338 496 339 496 346 497 345 497 331 497 330 498 370 498 371 498 366 499 371 499 370 499 343 500 366 500 364 500 329 501 340 501 343 501 340 502 329 502 348 502 348 503 362 503 363 503 351 504 352 504 363 504 50 505 352 505 351 505 49 506 358 506 359 506 356 507 359 507 358 507 391 508 381 508 405 508 318 509 403 509 405 509 401 510 402 510 318 510 395 511 396 511 381 511 384 512 396 512 395 512 243 513 384 513 389 513 242 514 385 514 386 514 320 515 324 515 383 515 320 516 376 516 377 516 377 517 376 517 402 517 383 518 398 518 397 518 385 519 397 519 398 519 354 520 346 520 356 520 361 521 353 521 947 521 378 522 953 522 939 522 344 523 336 523 943 523 244 524 387 524 954 524 357 525 347 525 945 525 399 526 390 526 955 526 336 527 350 527 946 527 347 528 335 528 942 528 400 529 960 529 953 529 387 530 399 530 959 530 393 531 394 531 958 531 335 532 332 532 940 532 321 533 407 533 961 533 390 534 323 534 939 534 369 535 344 535 944 535 392 536 244 536 937 536 353 537 48 537 936 537 48 538 360 538 949 538 350 539 361 539 950 539 372 540 369 540 951 540 333 541 941 541 940 541 393 542 957 542 961 542 400 543 321 543 938 543 394 544 392 544 956 544 372 545 952 545 941 545 360 546 357 546 948 546 419 547 410 547 412 547 105 548 130 548 412 548 130 549 24 549 409 549 416 551 420 551 417 551 203 552 31 552 414 552 31 554 16 554 413 554 415 555 414 555 418 555 420 556 416 556 409 556 416 558 415 558 412 558 414 564 413 564 417 564 434 568 429 568 430 568 96 569 101 569 430 569 432 570 431 570 433 570 431 577 992 577 996 577 220 578 18 578 431 578 462 579 992 579 431 579 430 580 101 580 442 580 430 581 998 581 443 581 432 582 443 582 710 582 476 593 722 593 720 593 446 594 458 594 489 594 446 595 447 595 459 595 448 596 460 596 743 596 460 601 573 601 588 601 488 604 452 604 478 604 500 608 885 608 700 608 487 615 489 615 733 615 730 616 488 616 492 616 697 619 495 619 455 619 498 620 496 620 655 620 497 621 495 621 696 621 450 623 721 623 717 623 502 634 703 634 702 634 498 636 764 636 762 636 471 687 786 687 783 687 448 694 481 694 590 694 565 696 570 696 458 696 700 720 497 720 701 720 450 722 707 722 468 722 457 733 591 733 913 733 499 766 698 766 695 766 706 767 456 767 466 767 461 773 444 773 694 773 449 775 444 775 910 775 719 777 718 777 479 777 743 779 572 779 571 779 477 780 693 780 911 780 717 782 822 782 826 782 457 792 734 792 591 792 722 800 476 800 482 800 742 801 743 801 459 801 590 802 606 802 573 802 720 804 823 804 819 804 466 805 456 805 720 805 721 806 450 806 468 806 705 807 704 807 500 807 656 813 496 813 475 813 690 814 482 814 476 814 802 815 771 815 752 815 745 816 586 816 912 816 451 817 732 817 730 817 451 818 586 818 732 818 567 819 568 819 719 819 581 821 582 821 479 821 744 822 693 822 642 822 731 823 723 823 477 823 477 824 723 824 693 824 733 825 734 825 457 825 756 826 930 826 932 826 762 827 764 827 765 827 761 828 763 828 766 828 788 829 789 829 765 829 763 830 790 830 791 830 769 831 768 831 757 831 770 832 767 832 751 832 752 833 771 833 772 833 749 834 774 834 773 834 754 835 757 835 811 835 763 836 860 836 790 836 916 837 848 837 795 837 818 838 815 838 837 838 793 839 772 839 771 839 759 840 765 840 499 840 497 841 763 841 761 841 773 842 774 842 799 842 917 843 475 843 776 843 764 844 856 844 809 844 831 845 832 845 775 845 932 846 931 846 847 846 834 847 777 847 455 847 777 848 834 848 833 848 780 849 816 849 817 849 812 850 768 850 769 850 765 851 871 851 499 851 783 852 785 852 480 852 480 853 579 853 566 853 787 855 606 855 590 855 783 856 786 856 784 856 898 858 782 858 781 858 781 859 862 859 899 859 901 860 780 860 779 860 804 861 805 861 800 861 591 862 461 862 918 862 843 863 929 863 930 863 758 864 772 864 793 864 807 865 795 865 848 865 755 866 773 866 797 866 775 867 449 867 907 867 795 868 806 868 808 868 793 869 802 869 805 869 803 870 844 870 756 870 803 871 794 871 793 871 795 872 807 872 806 872 444 873 586 873 745 873 797 874 799 874 808 874 807 875 796 875 797 875 807 876 850 876 753 876 814 877 769 877 754 877 815 878 816 878 780 878 473 879 567 879 719 879 730 880 732 880 583 880 603 881 610 881 492 881 864 882 789 882 863 882 811 883 812 883 782 883 451 884 908 884 909 884 831 885 776 885 475 885 803 886 792 886 845 886 792 887 803 887 804 887 801 888 752 888 758 888 750 889 801 889 794 889 747 890 810 890 796 890 810 891 749 891 755 891 757 892 768 892 812 892 827 893 836 893 835 893 813 894 781 894 814 894 751 895 767 895 816 895 818 896 748 896 751 896 770 897 817 897 816 897 782 898 812 898 814 898 825 899 821 899 819 899 820 900 826 900 822 900 821 901 825 901 722 901 820 902 824 902 721 902 720 903 722 903 823 903 722 904 825 904 823 904 721 905 824 905 822 905 578 906 581 906 479 906 488 907 596 907 474 907 479 908 582 908 574 908 472 909 473 909 453 909 453 910 479 910 478 910 453 911 452 911 587 911 719 912 454 912 480 912 718 913 577 913 578 913 454 914 580 914 471 914 574 915 603 915 478 915 452 916 474 916 587 916 488 917 583 917 596 917 609 919 723 919 731 919 610 920 609 920 492 920 459 921 561 921 565 921 570 922 597 922 489 922 569 923 561 923 459 923 571 924 569 924 459 924 460 925 588 925 572 925 480 926 566 926 577 926 785 927 784 927 579 927 568 928 580 928 454 928 501 929 683 929 876 929 684 930 683 930 501 930 841 931 859 931 450 931 449 932 494 932 694 932 669 933 883 933 880 933 700 934 885 934 882 934 696 935 495 935 697 935 669 936 498 936 670 936 655 937 496 937 656 937 966 942 969 942 706 942 962 944 964 944 587 944 874 951 865 951 827 951 781 952 896 952 862 952 827 953 828 953 839 953 780 954 893 954 815 954 830 955 829 955 841 955 753 956 935 956 934 956 782 957 890 957 811 957 762 958 831 958 496 958 762 959 759 959 832 959 494 960 832 960 759 960 494 961 695 961 694 961 499 962 699 962 698 962 761 963 834 963 495 963 834 964 761 964 760 964 813 965 892 965 781 965 813 966 811 966 835 966 830 967 838 967 837 967 500 968 704 968 878 968 456 969 840 969 839 969 445 970 842 970 841 970 449 971 775 971 832 971 475 972 921 972 915 972 457 973 914 973 733 973 498 974 870 974 764 974 456 975 866 975 840 975 852 976 809 976 856 976 895 977 889 977 890 977 852 978 855 978 898 978 898 979 788 979 852 979 857 980 790 980 860 980 869 981 861 981 829 981 841 982 875 982 859 982 780 983 901 983 858 983 839 984 853 984 476 984 839 985 873 985 853 985 867 986 854 986 828 986 827 987 865 987 868 987 897 988 894 988 893 988 455 989 777 989 919 989 765 990 864 990 871 990 497 991 872 991 763 991 502 992 699 992 884 992 705 993 500 993 700 993 880 994 879 994 870 994 828 995 854 995 873 995 866 996 874 996 840 996 829 997 861 997 875 997 859 998 878 998 704 998 703 999 502 999 877 999 890 1000 889 1000 835 1000 853 1001 887 1001 876 1001 866 1002 888 1002 874 1002 859 1003 886 1003 878 1003 669 1004 880 1004 498 1004 881 1005 699 1005 499 1005 499 1006 871 1006 881 1006 497 1007 882 1007 872 1007 700 1008 882 1008 497 1008 502 1009 702 1009 699 1009 884 1010 699 1010 881 1010 684 1011 501 1011 669 1011 501 1012 883 1012 669 1012 875 1013 886 1013 859 1013 873 1014 887 1014 853 1014 877 1015 888 1015 866 1015 889 1016 867 1016 835 1016 811 1017 890 1017 835 1017 836 1018 868 1018 891 1018 836 1019 892 1019 813 1019 894 1020 869 1020 837 1020 815 1021 893 1021 837 1021 855 1022 895 1022 782 1022 892 1023 891 1023 896 1023 858 1024 897 1024 780 1024 782 1025 898 1025 855 1025 899 1026 862 1026 863 1026 901 1027 790 1027 857 1027 901 1028 900 1028 791 1028 898 1029 899 1029 789 1029 870 1030 856 1030 764 1030 789 1031 864 1031 765 1031 872 1032 860 1032 763 1032 846 1033 850 1033 926 1033 730 1034 908 1034 451 1034 735 1035 733 1035 914 1035 914 1036 798 1036 735 1036 909 1037 908 1037 800 1037 911 1038 693 1038 744 1038 912 1039 586 1039 451 1039 477 1040 923 1040 905 1040 451 1041 924 1041 912 1041 913 1042 591 1042 746 1042 915 1043 642 1043 475 1043 457 1044 916 1044 914 1044 457 1045 925 1045 916 1045 477 1046 905 1046 906 1046 477 1047 906 1047 731 1047 905 1048 845 1048 792 1048 449 1049 922 1049 907 1049 918 1050 461 1050 455 1050 935 1051 753 1051 846 1051 455 1052 920 1052 918 1052 919 1053 920 1053 455 1053 917 1054 921 1054 475 1054 910 1055 922 1055 449 1055 911 1056 923 1056 477 1056 909 1057 924 1057 451 1057 913 1058 925 1058 457 1058 849 1059 851 1059 903 1059 927 1060 851 1060 847 1060 805 1061 801 1061 851 1061 805 1062 802 1062 801 1062 805 1063 851 1063 849 1063 903 1064 851 1064 927 1064 902 1065 844 1065 845 1065 750 1066 851 1066 801 1066 904 1067 850 1067 848 1067 926 1068 850 1068 904 1068 850 1069 846 1069 753 1069 928 1070 844 1070 902 1070 750 1071 847 1071 851 1071 917 1072 776 1072 930 1072 932 1073 775 1073 907 1073 930 1074 776 1074 775 1074 919 1075 777 1075 935 1075 935 1076 777 1076 778 1076 844 1077 843 1077 756 1077 843 1078 844 1078 928 1078 863 1079 862 1079 855 1079 864 1080 863 1080 852 1080 856 1081 870 1081 871 1081 855 1082 862 1082 896 1082 895 1083 896 1083 891 1083 889 1084 891 1084 868 1084 854 1085 867 1085 868 1085 865 1086 874 1086 873 1086 873 1087 874 1087 888 1087 876 1088 887 1088 888 1088 876 1089 877 1089 502 1089 884 1090 883 1090 501 1090 883 1091 884 1091 881 1091 917 1092 929 1092 931 1092 931 1093 929 1093 843 1093 843 1094 928 1094 927 1094 907 1095 922 1095 921 1095 921 1096 922 1096 910 1096 745 1097 744 1097 915 1097 744 1098 745 1098 912 1098 845 1099 905 1099 909 1099 845 1100 849 1100 903 1100 903 1101 927 1101 928 1101 923 1102 924 1102 909 1102 911 1103 912 1103 924 1103 879 1104 880 1104 881 1104 886 1105 950 1105 947 1105 939 1106 953 1106 904 1106 869 1107 944 1107 943 1107 746 1108 937 1108 954 1108 882 1109 948 1109 945 1109 925 1110 959 1110 955 1110 861 1111 943 1111 946 1111 872 1112 945 1112 942 1112 953 1113 960 1113 926 1113 913 1114 954 1114 959 1114 919 1115 957 1115 958 1115 860 1116 942 1116 940 1116 846 1117 938 1117 961 1117 916 1118 955 1118 939 1118 894 1119 951 1119 944 1119 918 1120 956 1120 937 1120 878 1121 947 1121 936 1121 500 1122 936 1122 949 1122 875 1123 946 1123 950 1123 897 1124 952 1124 951 1124 940 1125 941 1125 858 1125 961 1126 957 1126 919 1126 926 1127 960 1127 938 1127 920 1128 958 1128 956 1128 941 1129 952 1129 897 1129 885 1130 949 1130 948 1130 965 1131 963 1131 972 1131 574 1132 963 1132 965 1132 603 1133 965 1133 962 1133 970 1135 973 1135 969 1135 690 1136 968 1136 967 1136 482 1138 967 1138 966 1138 968 1139 972 1139 971 1139 973 1140 964 1140 962 1140 969 1142 962 1142 965 1142 967 1148 971 1148 970 1148 983 1152 982 1152 987 1152 565 1153 982 1153 983 1153 985 1154 987 1154 986 1154 984 1161 986 1161 996 1161 707 1162 985 1162 984 1162 984 1163 992 1163 462 1163 983 1164 998 1164 997 1164 999 1165 998 1165 983 1165 710 1166 999 1166 985 1166 225 1177 26 1177 223 1177 487 1178 37 1178 446 1178 447 1179 446 1179 11 1179 742 1180 241 1180 448 1180 4 1187 36 1187 28 1187 735 1197 235 1197 487 1197 36 1198 232 1198 40 1198 13 1201 7 1201 210 1201 186 1202 173 1202 46 1202 214 1203 209 1203 45 1203 224 1205 2 1205 717 1205 258 1217 46 1217 256 1217 6 1271 272 1271 21 1271 481 1278 448 1278 120 1278 211 1348 47 1348 208 1348 0 1353 13 1353 207 1353 5 1356 29 1356 222 1356 235 1365 115 1365 37 1365 235 1366 236 1366 115 1366 115 1367 125 1367 37 1367 143 1375 31 1375 225 1375 447 1376 11 1376 742 1376 132 1377 120 1377 104 1377 303 1379 223 1379 300 1379 8 1380 16 1380 223 1380 141 1381 18 1381 224 1381 162 1387 25 1387 174 1387 263 1388 287 1388 247 1388 206 1390 242 1390 162 1390 404 1391 251 1391 406 1391 258 1392 256 1392 259 1392 257 1393 255 1393 766 1393 258 1394 259 1394 276 1394 278 1395 257 1395 791 1395 261 1396 262 1396 252 1396 260 1397 770 1397 246 1397 263 1398 247 1398 264 1398 774 1399 749 1399 265 1399 296 1400 294 1400 249 1400 388 1401 282 1401 390 1401 838 1402 314 1402 818 1402 264 1403 280 1403 263 1403 42 1404 47 1404 254 1404 257 1405 45 1405 255 1405 284 1406 799 1406 265 1406 267 1407 266 1407 309 1407 245 1408 322 1408 406 1408 43 1409 7 1409 311 1409 311 1410 268 1410 833 1410 779 1411 817 1411 269 1411 261 1412 295 1412 262 1412 6 1413 30 1413 272 1413 481 1415 120 1415 787 1415 275 1416 272 1416 273 1416 271 1418 373 1418 270 1418 269 1419 375 1419 779 1419 279 1420 285 1420 289 1420 244 1421 392 1421 121 1421 403 1422 318 1422 404 1422 281 1423 280 1423 253 1423 325 1424 323 1424 292 1424 283 1425 284 1425 250 1425 291 1426 282 1426 808 1426 289 1427 290 1427 280 1427 281 1428 251 1428 288 1428 281 1429 288 1429 280 1429 384 1430 243 1430 0 1430 291 1431 808 1431 284 1431 283 1432 292 1432 284 1432 283 1433 248 1433 292 1433 296 1434 249 1434 297 1434 5 1435 222 1435 23 1435 234 1436 232 1436 114 1436 28 1437 40 1437 130 1437 44 1438 25 1438 309 1438 319 1439 320 1439 288 1439 247 1440 286 1440 253 1440 286 1441 245 1441 281 1441 810 1442 747 1442 283 1442 749 1443 810 1443 250 1443 261 1444 252 1444 295 1444 313 1445 306 1445 312 1445 260 1446 246 1446 299 1446 748 1447 818 1447 246 1447 817 1448 770 1448 299 1448 295 1449 271 1449 297 1449 303 1450 300 1450 305 1450 826 1451 301 1451 822 1451 143 1452 225 1452 302 1452 141 1453 224 1453 301 1453 305 1456 225 1456 303 1456 304 1457 224 1457 822 1457 221 1458 29 1458 109 1458 124 1459 36 1459 24 1459 113 1460 29 1460 105 1460 4 1461 28 1461 5 1461 22 1462 117 1462 5 1462 6 1463 222 1463 30 1463 40 1465 233 1465 135 1465 93 1466 11 1466 96 1466 101 1467 10 1467 37 1467 37 1468 125 1468 122 1468 241 1469 11 1469 102 1469 118 1470 12 1470 103 1470 97 1471 30 1471 108 1471 273 1472 274 1472 110 1472 222 1473 6 1473 99 1473 42 1474 1 1474 207 1474 16 1479 219 1479 413 1479 24 1481 117 1481 409 1481 316 1488 306 1488 349 1488 316 1489 315 1489 306 1489 842 1490 317 1490 830 1490 408 1491 248 1491 934 1491 309 1492 310 1492 256 1492 255 1493 311 1493 760 1493 313 1494 312 1494 296 1494 838 1495 830 1495 314 1495 316 1496 8 1496 315 1496 842 1497 445 1497 317 1497 266 1498 1 1498 310 1498 271 1499 365 1499 370 1499 219 1500 8 1500 341 1500 341 1501 352 1501 216 1501 373 1502 330 1502 327 1502 327 1503 293 1503 276 1503 314 1504 308 1504 344 1504 312 1505 307 1505 342 1505 340 1506 306 1506 343 1506 269 1507 368 1507 372 1507 46 1508 345 1508 355 1508 329 1509 307 1509 348 1509 336 1510 308 1510 350 1510 197 1511 351 1511 328 1511 328 1512 26 1512 203 1512 217 1513 353 1513 334 1513 334 1514 2 1514 220 1514 365 1515 312 1515 364 1515 343 1516 313 1516 366 1516 368 1517 314 1517 369 1517 366 1518 367 1518 371 1518 337 1519 374 1519 338 1519 333 1520 332 1520 375 1520 278 1521 791 1521 375 1521 276 1522 277 1522 373 1522 380 1523 233 1523 232 1523 382 1524 285 1524 279 1524 232 1525 382 1525 380 1525 382 1526 279 1526 380 1526 282 1527 388 1527 798 1527 388 1528 735 1528 798 1528 380 1529 279 1529 379 1529 407 1530 321 1530 408 1530 285 1531 324 1531 290 1531 403 1532 404 1532 391 1532 266 1533 406 1533 381 1533 267 1534 404 1534 266 1534 268 1535 393 1535 408 1535 268 1536 408 1536 778 1536 327 1537 330 1537 338 1537 331 1538 327 1538 339 1538 339 1539 346 1539 331 1539 337 1540 330 1540 371 1540 364 1541 366 1541 370 1541 342 1542 343 1542 364 1542 342 1543 329 1543 343 1543 349 1544 340 1544 348 1544 349 1545 348 1545 363 1545 362 1546 351 1546 363 1546 49 1547 50 1547 351 1547 50 1548 49 1548 359 1548 355 1549 356 1549 358 1549 403 1550 391 1550 405 1550 322 1551 318 1551 405 1551 322 1552 401 1552 318 1552 391 1553 395 1553 381 1553 389 1554 384 1554 395 1554 242 1555 243 1555 389 1555 243 1556 242 1556 386 1556 379 1557 320 1557 383 1557 324 1558 320 1558 377 1558 401 1559 377 1559 402 1559 379 1560 383 1560 397 1560 386 1561 385 1561 398 1561 355 1562 354 1562 356 1562 950 1563 361 1563 947 1563 323 1564 378 1564 939 1564 944 1565 344 1565 943 1565 937 1566 244 1566 954 1566 948 1567 357 1567 945 1567 959 1568 399 1568 955 1568 943 1569 336 1569 946 1569 945 1570 347 1570 942 1570 378 1571 400 1571 953 1571 954 1572 387 1572 959 1572 957 1573 393 1573 958 1573 942 1574 335 1574 940 1574 938 1575 321 1575 961 1575 955 1576 390 1576 939 1576 951 1577 369 1577 944 1577 956 1578 392 1578 937 1578 947 1579 353 1579 936 1579 936 1580 48 1580 949 1580 946 1581 350 1581 950 1581 952 1582 372 1582 951 1582 332 1583 333 1583 940 1583 407 1584 393 1584 961 1584 960 1585 400 1585 938 1585 958 1586 394 1586 956 1586 333 1587 372 1587 941 1587 949 1588 360 1588 948 1588 415 1589 419 1589 412 1589 410 1590 105 1590 412 1590 412 1591 130 1591 409 1591 413 1593 416 1593 417 1593 415 1594 203 1594 414 1594 414 1596 31 1596 413 1596 419 1597 415 1597 418 1597 411 1598 420 1598 409 1598 409 1600 416 1600 412 1600 418 1606 414 1606 417 1606 432 1608 434 1608 430 1608 429 1609 96 1609 430 1609 434 1610 432 1610 433 1610 433 1616 431 1616 996 1616 432 1617 220 1617 431 1617 18 1618 462 1618 431 1618 998 1619 430 1619 442 1619 432 1620 430 1620 443 1620 220 1621 432 1621 710 1621 456 1632 476 1632 720 1632 487 1633 446 1633 489 1633 458 1634 446 1634 459 1634 742 1635 448 1635 743 1635 492 1642 488 1642 478 1642 735 1652 487 1652 733 1652 731 1653 730 1653 492 1653 461 1656 697 1656 455 1656 670 1657 498 1657 655 1657 701 1658 497 1658 696 1658 445 1660 450 1660 717 1660 496 1672 498 1672 762 1672 454 1726 471 1726 783 1726 460 1733 448 1733 590 1733 494 1803 499 1803 695 1803 697 1808 461 1808 694 1808 453 1811 719 1811 479 1811 741 1814 717 1814 826 1814 597 1821 584 1821 489 1821 584 1822 734 1822 733 1822 584 1823 733 1823 489 1823 618 1831 722 1831 482 1831 447 1832 742 1832 459 1832 460 1833 590 1833 573 1833 614 1835 720 1835 819 1835 614 1836 466 1836 720 1836 616 1837 721 1837 468 1837 642 1843 656 1843 475 1843 801 1844 802 1844 752 1844 915 1846 744 1846 642 1846 750 1847 756 1847 932 1847 759 1848 762 1848 765 1848 760 1849 761 1849 766 1849 764 1850 788 1850 765 1850 766 1851 763 1851 791 1851 754 1852 769 1852 757 1852 748 1853 770 1853 751 1853 758 1854 752 1854 772 1854 755 1855 749 1855 773 1855 813 1856 754 1856 811 1856 914 1857 916 1857 795 1857 838 1858 818 1858 837 1858 802 1859 793 1859 771 1859 494 1860 759 1860 499 1860 495 1861 497 1861 761 1861 797 1862 773 1862 799 1862 776 1863 831 1863 775 1863 750 1864 932 1864 847 1864 495 1865 834 1865 455 1865 778 1866 777 1866 833 1866 779 1867 780 1867 817 1867 814 1868 812 1868 769 1868 454 1869 783 1869 480 1869 481 1871 787 1871 590 1871 785 1872 783 1872 784 1872 899 1874 898 1874 781 1874 900 1875 901 1875 779 1875 792 1876 804 1876 800 1876 746 1877 591 1877 918 1877 756 1878 843 1878 930 1878 794 1879 758 1879 793 1879 850 1880 807 1880 848 1880 796 1881 755 1881 797 1881 798 1882 795 1882 808 1882 804 1883 793 1883 805 1883 794 1884 803 1884 756 1884 804 1885 803 1885 793 1885 910 1886 444 1886 745 1886 806 1887 797 1887 808 1887 806 1888 807 1888 797 1888 796 1889 807 1889 753 1889 813 1890 814 1890 754 1890 453 1891 473 1891 719 1891 488 1892 730 1892 583 1892 478 1893 603 1893 492 1893 496 1894 831 1894 475 1894 844 1895 803 1895 845 1895 794 1896 801 1896 758 1896 756 1897 750 1897 794 1897 753 1898 747 1898 796 1898 796 1899 810 1899 755 1899 811 1900 757 1900 812 1900 828 1901 827 1901 835 1901 815 1902 751 1902 816 1902 815 1903 818 1903 751 1903 767 1904 770 1904 816 1904 781 1905 782 1905 814 1905 823 1906 825 1906 819 1906 824 1907 820 1907 822 1907 618 1908 821 1908 722 1908 616 1909 820 1909 721 1909 717 1913 721 1913 822 1913 718 1914 578 1914 479 1914 452 1915 488 1915 474 1915 478 1916 479 1916 574 1916 452 1917 453 1917 478 1917 472 1918 453 1918 587 1918 718 1919 719 1919 480 1919 492 1921 609 1921 731 1921 458 1922 459 1922 565 1922 489 1923 458 1923 570 1923 570 1924 592 1924 597 1924 743 1925 571 1925 459 1925 743 1926 460 1926 572 1926 718 1927 480 1927 577 1927 480 1928 785 1928 579 1928 719 1929 568 1929 454 1929 444 1930 449 1930 694 1930 466 1935 966 1935 706 1935 474 1937 962 1937 587 1937 840 1944 874 1944 827 1944 840 1945 827 1945 839 1945 842 1946 830 1946 841 1946 747 1947 753 1947 934 1947 831 1948 762 1948 832 1948 833 1949 834 1949 760 1949 836 1950 813 1950 835 1950 829 1951 830 1951 837 1951 476 1952 456 1952 839 1952 450 1953 445 1953 841 1953 494 1954 449 1954 832 1954 782 1955 895 1955 890 1955 866 1956 456 1956 706 1956 877 1957 866 1957 703 1957 866 1958 706 1958 703 1958 788 1959 809 1959 852 1959 837 1960 869 1960 829 1960 835 1961 867 1961 828 1961 836 1962 827 1962 868 1962 780 1963 897 1963 893 1963 498 1964 880 1964 870 1964 839 1965 828 1965 873 1965 841 1966 829 1966 875 1966 853 1967 876 1967 683 1967 476 1968 853 1968 690 1968 853 1969 683 1969 690 1969 450 1970 859 1970 707 1970 859 1971 704 1971 707 1971 892 1972 836 1972 891 1972 893 1973 894 1973 837 1973 781 1974 892 1974 896 1974 789 1975 899 1975 863 1975 858 1976 901 1976 857 1976 790 1977 901 1977 791 1977 788 1978 898 1978 789 1978 730 1979 731 1979 906 1979 800 1980 908 1980 792 1980 908 1981 730 1981 906 1981 908 1982 906 1982 792 1982 914 1983 795 1983 798 1983 849 1984 909 1984 800 1984 906 1985 905 1985 792 1985 933 1986 935 1986 846 1986 800 1987 805 1987 849 1987 929 1988 917 1988 930 1988 931 1989 932 1989 907 1989 932 1990 930 1990 775 1990 933 1991 919 1991 935 1991 934 1992 935 1992 778 1992 852 1993 863 1993 855 1993 856 1994 864 1994 852 1994 864 1995 856 1995 871 1995 895 1996 855 1996 896 1996 889 1997 895 1997 891 1997 867 1998 889 1998 868 1998 865 1999 854 1999 868 1999 854 2000 865 2000 873 2000 887 2001 873 2001 888 2001 877 2002 876 2002 888 2002 501 2003 876 2003 502 2003 502 2004 884 2004 501 2004 880 2005 883 2005 881 2005 907 2006 917 2006 931 2006 847 2007 931 2007 843 2007 847 2008 843 2008 927 2008 917 2009 907 2009 921 2009 915 2010 921 2010 910 2010 910 2011 745 2011 915 2011 911 2012 744 2012 912 2012 849 2013 845 2013 909 2013 902 2014 845 2014 903 2014 902 2015 903 2015 928 2015 905 2016 923 2016 909 2016 923 2017 911 2017 924 2017 871 2018 879 2018 881 2018 878 2019 886 2019 947 2019 848 2020 939 2020 904 2020 861 2021 869 2021 943 2021 913 2022 746 2022 954 2022 872 2023 882 2023 945 2023 916 2024 925 2024 955 2024 875 2025 861 2025 946 2025 860 2026 872 2026 942 2026 904 2027 953 2027 926 2027 925 2028 913 2028 959 2028 920 2029 919 2029 958 2029 857 2030 860 2030 940 2030 933 2031 846 2031 961 2031 848 2032 916 2032 939 2032 869 2033 894 2033 944 2033 746 2034 918 2034 937 2034 500 2035 878 2035 936 2035 885 2036 500 2036 949 2036 886 2037 875 2037 950 2037 894 2038 897 2038 951 2038 857 2039 940 2039 858 2039 933 2040 961 2040 919 2040 846 2041 926 2041 938 2041 918 2042 920 2042 956 2042 858 2043 941 2043 897 2043 882 2044 885 2044 948 2044 968 2045 965 2045 972 2045 603 2046 574 2046 965 2046 474 2047 603 2047 962 2047 966 2049 970 2049 969 2049 482 2050 690 2050 967 2050 466 2052 482 2052 966 2052 967 2053 968 2053 971 2053 969 2054 973 2054 962 2054 968 2056 969 2056 965 2056 966 2062 967 2062 970 2062 985 2064 983 2064 987 2064 570 2065 565 2065 983 2065 984 2066 985 2066 986 2066 992 2072 984 2072 996 2072 468 2073 707 2073 984 2073 468 2074 984 2074 462 2074 570 2075 983 2075 997 2075 985 2076 999 2076 983 2076 707 2077 710 2077 985 2077</p>
        </polylist>
      </mesh>
    </geometry>
    <geometry id="Cube_001-mesh" name="Cube.001">
      <mesh>
        <source id="Cube_001-mesh-positions">
          <float_array id="Cube_001-mesh-positions-array" count="24">-7.992942 -7.818907 -0.2640167 -7.992942 7.818907 -0.2640167 7.992942 7.818907 -0.2640167 7.992942 -7.818907 -0.2640167 -7.992942 -7.818907 -0.0462414 -7.992942 7.818907 -0.0462414 7.992942 7.818907 -0.0462414 7.992942 -7.818907 -0.0462414</float_array>
          <technique_common>
            <accessor source="#Cube_001-mesh-positions-array" count="8" stride="3">
              <param name="X" type="float"/>
              <param name="Y" type="float"/>
              <param name="Z" type="float"/>
            </accessor>
          </technique_common>
        </source>
        <source id="Cube_001-mesh-normals">
          <float_array id="Cube_001-mesh-normals-array" count="36">-1 0 0 0 1 0 1 0 0 0 -1 0 0 0 -1 0 0 1 -1 0 0 0 1 0 1 0 0 0 -1 0 0 0 -1 0 0 1</float_array>
          <technique_common>
            <accessor source="#Cube_001-mesh-normals-array" count="12" stride="3">
              <param name="X" type="float"/>
              <param name="Y" type="float"/>
              <param name="Z" type="float"/>
            </accessor>
          </technique_common>
        </source>
        <vertices id="Cube_001-mesh-vertices">
          <input semantic="POSITION" source="#Cube_001-mesh-positions"/>
        </vertices>
        <polylist count="12">
          <input semantic="VERTEX" source="#Cube_001-mesh-vertices" offset="0"/>
          <input semantic="NORMAL" source="#Cube_001-mesh-normals" offset="1"/>
          <vcount>3 3 3 3 3 3 3 3 3 3 3 3 </vcount>
          <p>4 0 5 0 1 0 5 1 6 1 2 1 6 2 7 2 3 2 7 3 4 3 0 3 0 4 1 4 2 4 7 5 6 5 5 5 0 6 4 6 1 6 1 7 5 7 2 7 2 8 6 8 3 8 3 9 7 9 0 9 3 10 0 10 2 10 4 11 7 11 5 11</p>
        </polylist>
      </mesh>
    </geometry>
  </library_geometries>
  <library_controllers/>
  <library_visual_scenes>
    <visual_scene id="Scene" name="Scene">
      <node id="Bench" name="Bench" type="NODE">
        <matrix sid="transform">1 0 0 0.04192007 0 3.200981 0 -0.01527914 0 0 1 0.2316236 0 0 0 1</matrix>
        <instance_geometry url="#Cube_002-mesh">
          <bind_material>
            <technique_common>
              <instance_material symbol="Wood-material" target="#Wood-material"/>
              <instance_material symbol="Metal-material" target="#Metal-material"/>
            </technique_common>
          </bind_material>
        </instance_geometry>
      </node>
      <node id="Ground" name="Ground" type="NODE">
        <matrix sid="transform">1 0 0 0.04192007 0 1 0 -0.01527914 0 0 1 0.2914585 0 0 0 1</matrix>
        <instance_geometry url="#Cube_001-mesh"/>
      </node>
    </visual_scene>
  </library_visual_scenes>
  <scene>
    <instance_visual_scene url="#Scene"/>
  </scene>
</COLLADA>